feature,xgb_gain,shap_mean_abs,perm_importance,mutual_info,xgb_gain_norm,shap_mean_abs_norm,perm_importance_norm,mutual_info_norm,composite_score
V258,6847.38916015625,0.23911971,0.0024380495682365445,0.0297615888076439,1.0,0.92942894,0.15054681975950482,0.8729684281217777,0.7382360457330618
TransactionAmt,99.39312744140625,0.23167793,0.012332057669459195,0.03220403960098395,0.014515478106569045,0.9005037,0.548294006110196,0.9446105183209146,0.6019809243872046
card1,94.305908203125,0.16149595,0.009649609154484474,0.03174096610226962,0.013772535195147729,0.62771493,0.44045739040842197,0.9310276230363163,0.5032431201511901
C1,206.4957733154297,0.17012464,0.023568297462683276,0.010038601348413723,0.030156862489573718,0.6612536,1.0,0.2944527624618991,0.49646579911544697
V70,3433.132568359375,0.20586096,0.005089719640478307,0.009034497183567636,0.5013783338525826,0.8001563,0.2571461169881134,0.2650003283152689,0.4559202686138737
C13,147.40191650390625,0.25727594,0.00805360639665953,0.011706384595692176,0.02152673275262519,1.0,0.37629677927506655,0.34337226502053164,0.43529894426205584
card2,89.77523803710938,0.13738075,0.010214336235865252,0.023201456847144808,0.013110871302524422,0.5339821,0.4631598791649741,0.6805463056725395,0.42269978856065193
C14,527.033935546875,0.19280699,0.008880839310291311,0.009793569054374895,0.07696859682133922,0.7494171,0.4095522163524898,0.28726546282044957,0.380800850543255
card6,327.1926574707031,0.18473631,0.0061276082301258365,0.011284242015302093,0.04778356389827812,0.7180474,0.2988700838632546,0.3309899575023338,0.34892274642781357
C5,305.6997375488281,0.18142602,0.005824910863385546,0.007201413465982354,0.04464471499993618,0.70518064,0.2867014031117363,0.21123222400139402,0.31193974677552
V201,1183.262939453125,0.014804825,-0.0006665642754562606,0.0331135694058986,0.172804978916391,0.057544537,0.025738813903756527,0.9712888925588626,0.3068443055669024
TransactionDT,88.85555267333984,0.18639322,0.0,0.014220229892775826,0.012976559473262398,0.72448754,0.052535240829246106,0.41710850241430963,0.3017769614557243
C11,225.77415466308594,0.13476296,0.010815502437961233,0.0054483336085793255,0.03297229781780564,0.52380705,0.487327250261351,0.1598107969606437,0.3009793484593519
V294,1751.849853515625,0.11814486,0.0059646716787422616,0.006086343565656405,0.2558420169411913,0.45921457,0.2923199017526807,0.17852493728948837,0.29647535603037073
C2,112.32894897460938,0.09575665,0.0089889149728837,0.00988768144731722,0.016404639249691214,0.37219435,0.41389694603830807,0.29002597229004273,0.27313047683595487
V246,14.148778915405273,0.00015225152,-2.035734739758155e-06,0.034092399964196884,0.0020663027300587096,0.00059178297,0.052453402634187914,1.0,0.2637778720834173
D1,108.94770812988281,0.13150266,0.004993422862008323,0.008046585931017258,0.01591083923838159,0.5111347,0.2532749080403121,0.23602286549106583,0.25408582421390136
addr1,79.25401306152344,0.09112636,0.00848748421859813,0.008607590885076677,0.011574340410311213,0.35419697,0.39373902119871307,0.2524782911768073,0.2529971546200648
card5,88.01956176757812,0.100507334,0.006581509548070219,0.009622348114542545,0.012854470471716202,0.39065966,0.3171172866395428,0.2822432015536522,0.25071865469146204
V200,13.44635009765625,0.00029694758,2.159866757491802e-05,0.03136375842142636,0.0019637192779838174,0.0011541988,0.05340352486226463,0.919963348264244,0.24412119779535574
D8,74.15348815917969,0.0311846,0.0007426839104047733,0.025051427748808974,0.010829454325550205,0.12121072,0.08239173909458747,0.7348097457238989,0.23731041395220692
V218,2031.41943359375,0.015055444,0.0004318143927084073,0.01780203797519464,0.29667065593616637,0.058518663,0.0698945312167562,0.5221702782406038,0.23681353211056766
ProductCD,185.7243194580078,0.04753173,0.0017871247130026857,0.020304253349120227,0.027123377263074937,0.18475,0.12437911026844384,0.595565386140117,0.2329544698186181
D15,107.59246063232422,0.088990554,0.003955691713642406,0.011823360764786628,0.01571291745157202,0.34589535,0.21155727043295974,0.34680341592857267,0.22999223844812627
P_emaildomain,102.4458236694336,0.11121567,0.005851098470098015,0.006057055034893732,0.014961297112415894,0.43228167,0.28775416623670846,0.177665844623867,0.22816574523188768
id_17,157.21420288085938,0.03228813,0.00045231476507794354,0.02334928559665772,0.022959729497435476,0.1255,0.07071866288773361,0.6848824260298085,0.226015202994419
V259,40.506988525390625,0.0014231963,0.00038597621717044727,0.027670121762923827,0.005915683712135663,0.0055317893,0.06805179921561506,0.8116214109884432,0.22278017079637305
V188,28.56939697265625,0.0004765007,3.0281838788059902e-06,0.028310913513613034,0.004172305137686132,0.0018520997,0.05265697628824566,0.8304171470282102,0.22227463203036132
V257,20.179889678955078,0.00065186317,0.0001659256594743752,0.027852974457426738,0.002947092564327773,0.0025337122,0.059205587520306545,0.8169848554715227,0.22041781193691606
id_20,60.60065841674805,0.021844221,0.00043213155153114523,0.024024225147502465,0.00885018464692683,0.08490581,0.06990728125982063,0.7046797870707898,0.21708576590792517
V243,40.136253356933594,0.0023430677,1.8892953790761168e-06,0.027086537936636956,0.0058615411535946245,0.009107216,0.05261119204270025,0.7945037006805817,0.21552091253455097
V199,16.051599502563477,0.00022523741,2.2909034289653186e-05,0.027296974376134875,0.0023441926736054238,0.00087547017,0.05345620267175714,0.8006762329669246,0.21433802462064316
V244,65.56710052490234,0.0024872136,1.3181059970190922e-05,0.026608147555220008,0.00957548913773234,0.009667494,0.053065130178701486,0.7804715298178867,0.21319491086715026
V45,143.9838409423828,0.00975019,0.0007938678813617317,0.023833671724643235,0.021027553360074728,0.03789779,0.08444937642680977,0.6990904644340924,0.21061629648361327
id_19,45.650028228759766,0.017897576,-0.0005520183452553118,0.02484476365736099,0.006666778703683037,0.06956568,0.03034365361878768,0.7287478641413463,0.20883099501677593
D2,206.68789672851562,0.086197674,0.003363354742742586,0.009417098301493398,0.030184920397280185,0.3350398,0.18774484162387273,0.27622280365662244,0.2072980900307033
V190,26.971786499023438,0.000101739904,1.1861967594084532e-05,0.02628056776634846,0.003938988403925909,0.0003954505,0.05301210159051303,0.7708629428830988,0.20705237084643993
D4,95.7681884765625,0.084638596,0.0034780197971904015,0.009970168173571103,0.013986088162451858,0.32897982,0.19235447023067884,0.29244547711635327,0.20694146388063256
V87,117.41275787353516,0.009283376,0.0006493204716680357,0.02368695821492106,0.017147084111523745,0.036083344,0.07863845279386436,0.6947870563467694,0.20666398440557104
V187,458.1070556640625,0.024023958,0.0006925420869189569,0.01938219840675104,0.06690244193067142,0.09337817,0.08037599693974609,0.5685196239368837,0.20229405853300778
V189,51.954586029052734,0.0043383166,0.00013658884775344938,0.02474196012069263,0.007587503034202774,0.016862504,0.05802622378832655,0.7257324256044195,0.20205216415279872
card3,144.71263122558594,0.02849595,0.0015639295028171407,0.018953079546085272,0.021133986668618633,0.110760264,0.11540648098109958,0.5559326878128086,0.20080835489029275
V230,17.37329864501953,0.0002543451,-0.00023508221663381956,0.02560237664643772,0.0025372150229333672,0.0009886082,0.04308474419829725,0.7509702066538229,0.19939519352530838
V242,32.08591079711914,0.000394294,-4.803666283081931e-06,0.0251802884909329,0.004685860558915126,0.0015325724,0.052342129531103204,0.7385894955291122,0.19928751451428492
C8,351.54095458984375,0.029975982,0.00035618491230420267,0.01863802225065836,0.05133941512122585,0.11651296,0.06685416448891618,0.5466914112890736,0.19534948814621828
V186,12.280007362365723,8.641523e-05,6.516930928190945e-06,0.024700314629901632,0.00179338534368996,0.0003358854,0.05279722676192484,0.7245108779622842,0.19485934386358683
V228,56.567771911621094,0.0004933635,-0.00011319838458108133,0.023642986049989823,0.008261217609885383,0.0019176432,0.04798457354598356,0.6934972625810792,0.18791517424416745
C10,188.4597625732422,0.027521787,0.0011801475997978317,0.016837798030187034,0.027522864286705993,0.10697381,0.09997813581132148,0.4938871434064405,0.18209048887213256
V245,54.87834930419922,0.0013188617,6.866716136872952e-05,0.021904906430283422,0.008014492534399339,0.0051262537,0.055295716659635404,0.6425158232710954,0.17773807154171914
D10,105.4387435913086,0.07037071,0.002540596955273844,0.009038245019085123,0.015398386322897792,0.27352232,0.15466930826410397,0.26511026001621757,0.17717506800318367
id_31,61.88105392456055,0.02349091,-0.0005998364871755424,0.01969794506436129,0.009037174969495744,0.091306284,0.028421325355994016,0.5777811208670453,0.1766364763156375
V86,50.69445037841797,0.004049646,-0.0002829011173072438,0.02185955431493314,0.007403471482736812,0.015740478,0.04116238543300705,0.6411855527299216,0.1763729720142456
V176,51.14954376220703,0.0002963977,-9.872061545315169e-05,0.022043936724135405,0.007469933804819683,0.0011520614,0.048566591660013335,0.6465938668819291,0.175945613434596
V229,26.155441284179688,0.00052789785,-0.00015516881586403742,0.022211312294316166,0.003819768479988488,0.002051874,0.04629732801495778,0.6515033355716234,0.17591807653261968
D11,79.70320892333984,0.051711015,0.0010462375300909876,0.013431716980219166,0.011639941452009002,0.20099437,0.094594841912124,0.39397980178353154,0.17530223937888084
V91,881.2388305664062,0.057500526,0.0005200755957917913,0.009384581387292368,0.1286970566379051,0.2234975,0.07344270348740603,0.2752690158847091,0.1752265677663047
C6,118.8974380493164,0.075142294,0.005060558859491482,0.004348486547769204,0.017363908384404325,0.29206887,0.2559738298350572,0.1275500273473235,0.17323915861057215
V195,0.0,0.0,0.0,0.02182923537798276,0.0,0.0,0.052535240829246106,0.6402962361378888,0.17320786924178372
V222,57.195350646972656,0.0011018448,-3.680787475304204e-05,0.021374404303746042,0.008352869876270845,0.0042827358,0.051055534276674974,0.6269551080649349,0.1726615619929213
V170,39.67230224609375,0.00088918867,-0.00017344717959189015,0.021582628607127896,0.005793785239626788,0.0034561672,0.04556252290165394,0.6330627538628408,0.1719688072955875
C4,209.7748565673828,0.021497771,0.0004149522417616458,0.01697544260373607,0.030635743297317716,0.0835592,0.06921665901104554,0.4979245409992643,0.17033403586882087
dist1,81.71974182128906,0.048434142,0.00412481703521046,0.008718808330877126,0.01193443806243726,0.18825756,0.2183562461469615,0.25574052692193666,0.16857219281631736
DeviceInfo,59.239463806152344,0.017963506,-9.057312397493522e-05,0.018637888751466436,0.008651394337400354,0.06982195,0.048894127455226234,0.5466874954840244,0.16851374089989224
id_02,59.12818145751953,0.02386795,0.0003334682219418461,0.017045913487983233,0.008635142544778379,0.09277179,0.06594093502898571,0.49999159654012304,0.1668348662588938
R_emaildomain,108.607666015625,0.04419404,0.0013333732488082673,0.012471059844649135,0.01586117912613962,0.1717768,0.10613793173499048,0.36580175809699456,0.1648944175764643
V44,44.047420501708984,0.0031713168,0.0001256574909154873,0.019799204423419203,0.006432732165715534,0.012326519,0.05758677433762744,0.5807512655082044,0.164274322754137
V38,83.77472686767578,0.011234764,0.0017674396209081734,0.016203583060156568,0.012234550265544443,0.043668147,0.12358775352873397,0.4752843178295816,0.16369369220009103
V171,51.951385498046875,0.0007938603,-7.230955593375831e-05,0.020074683951023298,0.007587035625248646,0.0030856375,0.049628337769871606,0.5888316449444834,0.16228316395118075
M6,138.85726928710938,0.07856642,0.0022889003206013835,0.006041436316005067,0.02027886337979669,0.30537802,0.14455089849217972,0.17720771557149556,0.16185387431329873
V221,25.83738899230957,0.0013596782,-0.0001475387940438333,0.01971675795946992,0.0037733197848097756,0.005284902,0.046604061108334316,0.5783329416578488,0.15849880618125467
id_35,115.5877456665039,0.00087281625,1.2823687229879255e-05,0.019098017209454365,0.016880557386615123,0.0033925297,0.05305076350338819,0.5601840066850882,0.15837696431224146
C12,103.51744079589844,0.013624234,6.672133887892784e-05,0.017221464632384498,0.015117797217989035,0.052955724,0.05521749301027728,0.5051408715863394,0.15710797152838993
id_01,127.13821411132812,0.024424085,0.0006416119188953795,0.014659100177035311,0.018567400090405695,0.09493342,0.0783285626922198,0.42998146778842167,0.15545271274768505
V248,35.02507400512695,0.0002957186,1.0245443977541235e-05,0.019047763800335904,0.0051150990816955,0.0011494219,0.052947116024140796,0.5587099711472193,0.15448040204002142
V193,20.209705352783203,8.346966e-05,-1.962021869883479e-05,0.019013329088556574,0.00295144687706373,0.00032443632,0.051746492052895054,0.5576999304397452,0.1531805764219001
V264,21.570627212524414,0.0024497847,0.0005389036761872301,0.0178224866590857,0.0031501973537651534,0.009522012,0.07419960765860284,0.5227700800707049,0.15241047437949318
V212,53.252559661865234,0.00092442916,1.705677113337245e-05,0.01829123084936457,0.007777060484853481,0.0035931426,0.05322093692501626,0.536519308367074,0.15027761209674675
D9,33.976646423339844,0.008467577,-3.796345582223193e-05,0.01725648013589942,0.004961985601905607,0.032912433,0.051009078976237764,0.5061679481063759,0.14876286145798742
V192,41.46966552734375,0.00046825825,5.433810786192872e-06,0.018181912038334636,0.006056274085990091,0.0018200624,0.05275368444979491,0.5333127634730583,0.1484856961031026
V77,63.20143127441406,0.0032570744,-0.0002546626007916775,0.017986214885085117,0.00923000428282535,0.012659849,0.042297596802946806,0.5275725646764047,0.1479400036074645
V37,72.21765899658203,0.0033037388,-0.000777259153971821,0.01862618577388031,0.010546743774518301,0.012841227,0.021288789603942693,0.5463442231535808,0.14775524599910492
V213,39.78437423706055,0.00019347052,-3.8409602682865085e-05,0.0181704387016981,0.005810152352455561,0.0007519962,0.05099114350896297,0.5329762269825623,0.14763237975600588
V265,48.798606872558594,0.0028987806,7.838830690964915e-05,0.017543185578037468,0.00712660047956805,0.011267205,0.05568651463023021,0.5145776066355243,0.14716448162856957
C7,50.00617599487305,0.0021855182,2.8805684505961437e-05,0.017674355325121516,0.007302955159296359,0.008494841,0.053693252814473416,0.5184250842910076,0.14697903329991252
C9,109.75313568115234,0.041238118,0.0003327170563090842,0.011615766528749516,0.01602846473511196,0.1602875,0.06591073755857153,0.3407142512978889,0.14573523825484197
V219,28.465190887451172,0.002216613,7.599861381875072e-05,0.017536399955957904,0.004157086770105765,0.008615702,0.05559044702108513,0.5143785704254984,0.14568545165184002
V249,6.02263069152832,7.826126e-05,5.5388981112791666e-08,0.017978134211054764,0.0008795513955264798,0.00030419193,0.05253746751141243,0.5273355419370599,0.14526418819256506
V256,38.8469352722168,0.00012122418,-1.538220289971637e-05,0.01778807530118831,0.005673247768399124,0.0004711835,0.051916863740745285,0.5217607243804769,0.1449555048489819
V252,41.866920471191406,0.00029920696,8.756011517174755e-07,0.01772348536575774,0.0061142896207517505,0.0011629808,0.05257044070890034,0.5198661691277402,0.14492847006423887
V255,18.337478637695312,5.2686246e-05,6.290063733427331e-07,0.01781085898885637,0.002678024895152428,0.00020478497,0.052560527397908084,0.5224290166594595,0.14446808848069623
V191,23.384056091308594,0.00011801653,9.651340249883233e-06,0.017511437664772034,0.003415032437089496,0.00045871575,0.052923232570270644,0.5136463752379468,0.14261083899769691
V247,43.37154006958008,0.00028593067,2.1495477145361265e-06,0.017301431512325216,0.0063340258681296255,0.0011113774,0.05262165439861419,0.5074864641531489,0.14188838044993743
V274,28.636472702026367,0.0011659698,-1.3636311868636675e-05,0.017228262095117186,0.004182100948585915,0.0045319814,0.051987049982577964,0.5053402551070016,0.1415103468654157
V204,28.72576904296875,0.00083460455,0.00023367624702057553,0.016808244491860913,0.004195141881247079,0.0032440054,0.061929216336294404,0.4930202775255651,0.1405971602798949
V211,26.10554313659668,0.00064678676,0.00026742634652154873,0.016770192472768786,0.003812481301413425,0.0025139807,0.06328599783255263,0.49190413377704373,0.1403791484091975
V312,309.1183776855469,0.044731002,0.00186368594229267,0.007166774674633336,0.04514397684364899,0.17386392,0.12745693406059114,0.21021619722166027,0.139170256428772
V194,26.356197357177734,0.00024999486,4.165554872370691e-07,0.016886425213546108,0.0038490871105354724,0.00097169937,0.052551986699202184,0.49531347840808726,0.13817156289604274
V273,26.88555335998535,0.0005746461,0.0001381530174016543,0.016522037045568094,0.003926394824530734,0.0022335788,0.05808910468251864,0.48462522623573545,0.1372185761415729
V232,17.277132034301758,6.760397e-05,-1.280927091955597e-05,0.01671352340191712,0.0025231707487628047,0.00026276833,0.05202029770252403,0.4902419137247394,0.1362620376259958
V217,44.72709274291992,0.0017203364,-0.0005531951714131455,0.01707058212420165,0.0065319922231350585,0.0066867364,0.03029634424847855,0.5007151782253174,0.13605756276521216
V275,44.27204132080078,0.0003150646,-8.412979210374872e-05,0.01653248400499918,0.006465536029179118,0.0012246174,0.04915315464585199,0.48493165697813134,0.13544374125263206
V263,30.769161224365234,0.0009950529,-0.0002224019337522032,0.016632722391435317,0.004493561050013859,0.0038676483,0.04359450190080716,0.487871854398712,0.13495689141465744
V231,27.99529457092285,0.00022662355,7.309107169315432e-05,0.016085059473151864,0.004088462611972244,0.00088085793,0.05547356145885185,0.47180777798113516,0.13306266499538666
V202,15.660418510437012,0.0005635108,0.0002214842218000612,0.01586290847330596,0.0022870641852170788,0.0021902975,0.06143908698954595,0.465291633618192,0.13280202056561294
V90,581.9939575195312,0.02982697,-1.8763965752510715e-06,0.00946883652060726,0.08499501691915679,0.115933776,0.052459808158214445,0.2777403917163717,0.13278224817388434
V203,31.242284774780273,0.0019069802,7.489386921151197e-05,0.015715889560718788,0.004562656516818647,0.007412198,0.055546035387834994,0.46097926743858697,0.1321250393357242
V196,12.952232360839844,7.024538e-05,-1.3543743982546986e-06,0.016145179620488337,0.0018915577978547795,0.0002730352,0.05248079387502291,0.47357122518343275,0.13205415301380655
V53,113.25968933105469,0.024879318,0.0011286680944833983,0.010800972053945701,0.016540565561848426,0.09670285,0.09790861775715583,0.3168146585540664,0.13199167330703662
V83,146.2314453125,0.021181978,0.000652748897840949,0.01138510817437055,0.021355795894206654,0.08233175,0.07877627831916575,0.3339485687815158,0.12910309745288084
V179,24.87270164489746,0.00024937998,-0.00010698874868446673,0.01573986430024621,0.0036324358179650905,0.0009693094,0.048234205968038624,0.46168249571094677,0.12862961172873677
V233,23.097265243530273,0.00038860535,-0.0001347242118520775,0.01572919146081664,0.0033731491964746484,0.0015104613,0.047119217752525935,0.46136943944501124,0.12834306693017508
V251,32.62287902832031,0.0004173397,-4.850329602690273e-06,0.01532935165893945,0.004764279970845982,0.0016221482,0.05234025362763819,0.44964131815413433,0.12709199999000184
V151,46.29979705810547,0.0005862197,1.598161789964081e-05,0.015064098207887344,0.006761671635010293,0.002278564,0.0531777148890893,0.44186089051247024,0.12601971026718425
V82,128.7600555419922,0.02230978,0.001062593972053727,0.010319064106441456,0.018804255538917555,0.08671538,0.09525238420467418,0.30267931026499506,0.12586283196895215
V2,95.15384674072266,0.021492565,0.0001281412693987738,0.011839858351144539,0.013896369041562018,0.083538964,0.05768662425619821,0.3472873239660014,0.1256023204136291
V197,126.28145599365234,0.0001776277,1.0005677977620308e-05,0.014617490155310886,0.018442278223130923,0.0006904171,0.0529374772356058,0.428760960526741,0.12520778326466978
V310,111.41160583496094,0.028415235,-0.00024822495956922097,0.011224316471470264,0.01627066948133245,0.11044653,0.04255639522485742,0.32923221841987665,0.12462645268158873
V23,61.37770462036133,0.0035055992,-0.00021489255368514203,0.014454469809015658,0.008963665301441806,0.013625834,0.043896385097420124,0.423979239484326,0.1226162810050973
V33,88.79495239257812,0.009691437,-1.6158407386779317e-05,0.013216600081459307,0.012967709343768613,0.037669424,0.05188565968798896,0.3876699820293995,0.12254819375718923
V123,34.060970306396484,0.00057359575,2.0451432790502544e-05,0.014643192997696453,0.004974300351525405,0.0022294964,0.05335740508927511,0.42951487759953605,0.1225190198528344
V62,130.4429931640625,0.014950301,0.0002319421166635971,0.01194465328437988,0.01905003354024148,0.058109984,0.06185950288314206,0.3503611742477474,0.12234517361824317
V178,25.00701141357422,0.00043416128,-0.0002784237148847346,0.015049995673720895,0.003652050559516262,0.0016875316,0.04134238065814667,0.4414472342670531,0.12203229926926011
V158,49.86483383178711,0.00051612814,-6.730140567201559e-06,0.014384111920002107,0.0072823133993817355,0.0020061268,0.05226468369537655,0.42191549832537445,0.12086715555517119
V156,185.22024536132812,0.00213043,0.00012063113057869668,0.013245712107027297,0.02704976174555582,0.00828072,0.05738471055709586,0.3885238974357236,0.12030977234219886
M3,119.3538589477539,0.025614487,0.0011449232428986321,0.008688173805708743,0.017430564578139206,0.099560365,0.09856208796657209,0.25484195348033223,0.11759874277646924
V139,45.02595520019531,0.0023299146,-0.00014239672384945833,0.013883232188793171,0.006575638414447568,0.009056092,0.04681077651941,0.40722366871716414,0.11741654397273452
V168,9.496302604675293,0.00020810615,-0.000644013752036865,0.015026686622415797,0.0013868501384341645,0.00080888305,0.026645363317203193,0.4407635319952982,0.11740115712546446
V261,95.6530532836914,0.003535699,0.00012161826844545587,0.013102061996711045,0.013969273696357096,0.013742829,0.05742439430356411,0.384310345134709,0.11736171046907497
V122,83.59148406982422,8.123939e-05,0.0001599523751883991,0.013542130904183658,0.012207789292337628,0.00031576754,0.058965456625555586,0.39721846858552984,0.11717687051042279
V303,109.45944213867188,0.0021535188,0.000271889712010509,0.01297564648110816,0.015985573417616902,0.008370464,0.06346542876152766,0.3806023188374802,0.11710594618824502
V308,273.8683776855469,0.035571963,0.0012652728760533583,0.006315593578852363,0.039996029330294045,0.13826385,0.10340024126864134,0.18524931027105354,0.11672735806854476
V149,68.32628631591797,0.0021115337,9.898314404819253e-05,0.013315635719101548,0.00997844356700165,0.008207272,0.05651444386188246,0.3905749003615277,0.11631876489932688
V317,472.4492492675781,0.021179883,2.227244038477405e-05,0.008868471990800764,0.06899699114761536,0.0823236,0.05343061107814581,0.26013046896417513,0.11622041863049476
V253,25.481597900390625,0.00059817685,2.7046515294504303e-05,0.013814133321055522,0.003721359675109975,0.00232504,0.05362253277897178,0.4051968572339534,0.11621644743586851
V167,16.804561614990234,0.00066661503,-5.7498314790160875e-05,0.013917146013212589,0.0024541560618130216,0.0025910507,0.050223761730611986,0.4082184307302531,0.11587184980457652
V67,108.40489196777344,0.005531852,0.0006674983006016433,0.01179399529369185,0.015831565788397478,0.02150163,0.07936921632653349,0.34594206644523867,0.11566111977620802
V47,72.81192779541016,0.0033228435,0.00030962288624745147,0.01269347858011649,0.010633531422325157,0.012915485,0.06498233310719619,0.37232575569472703,0.11521427620786702
M4,102.83596801757812,0.020828007,0.0005249577930275029,0.009899845911915284,0.015018274208213911,0.08095591,0.07363897179382409,0.2903827809808606,0.11499898367133615
V52,63.63363265991211,0.0024824496,2.7854208037925155e-05,0.013172283882274094,0.009293123433115938,0.009648977,0.053655002685287286,0.3863700970335719,0.11474179999987613
V250,46.43672561645508,8.6677865e-05,2.6252859486319835e-07,0.013595958010456544,0.006781668827392226,0.00033690623,0.05254579469264253,0.3987973279890747,0.11461542443537873
V155,20.33833122253418,7.444681e-05,4.552518995115662e-08,0.013715000064463245,0.002970231535966926,0.00028936562,0.05253707097897167,0.4022890755378456,0.11452143591822592
V40,43.644020080566406,0.0012224924,7.234787296870327e-05,0.013331824683378235,0.006373819138909654,0.004751678,0.055443684264642426,0.3910497558804612,0.11440473434363896
id_13,46.33858108520508,0.0067035165,-3.2003449716722085e-05,0.012623375181288532,0.0067673356956022175,0.026055746,0.0512486760773162,0.3702694792547704,0.1135853092020392
id_14,51.12345886230469,0.009782011,0.0003507871422933517,0.011635723571316925,0.007466124338278169,0.038021475,0.06663716973689866,0.3412996322798194,0.1133561003579179
V283,292.1831970214844,0.026726743,0.0008142711333262165,0.00752534273564609,0.04267074503690354,0.10388357,0.08526960377837978,0.22073373372215055,0.11313941361505324
dist2,43.129188537597656,0.007803247,-0.0008010373400110903,0.01348086662663972,0.006298632592486315,0.030330263,0.020332887152996252,0.3954214616981216,0.11309581113045422
V51,85.444580078125,0.0024335186,-2.0877852068679204e-05,0.012879339792400746,0.012478417405470678,0.009458789,0.051695934166829195,0.3777774461735271,0.1128526466041066
V114,50.07636642456055,8.8368855e-05,-6.8394010229289036e-06,0.013322541857397674,0.007313205844345184,0.0003434789,0.052260291336041445,0.3907774715593131,0.11267361190891409
V79,38.38779830932617,0.0009248282,-3.1416174767495694e-05,0.013247680604257184,0.0056061949177210494,0.0035946935,0.05127228500872997,0.3885816374960289,0.11226370272936015
D3,141.33822631835938,0.04881721,0.000949777240314198,0.005023306180362397,0.020641184984896373,0.1897465,0.09071705967657588,0.14734387094008536,0.11211215366578553
V35,76.99221801757812,0.0057158642,0.0005429489686826549,0.011581358447927181,0.011244025455071586,0.022216862,0.07436223171263226,0.3397049917309922,0.11188202774156908
D6,59.14813232421875,0.008197778,-0.00011272074946413468,0.012161844288707702,0.008638056190583018,0.031863756,0.04800377486681574,0.35673183177129836,0.11130935482663248
V177,99.07256317138672,0.0012745212,-0.0004937525516394148,0.013360126299555741,0.014468662559428124,0.004953908,0.032685985991483965,0.3918799003175565,0.1109971141677924
V153,85.91020965576172,0.0007260031,-5.5096861024672705e-06,0.01274873560273182,0.01254641844451577,0.0028218848,0.052313746959167205,0.37394655747674765,0.11040715192423578
M5,173.7396697998047,0.06912017,0.0014103074052784325,0.0012545312034524247,0.025373126272823107,0.26866162,0.10923074750360608,0.03679797270857748,0.11001586617943343
V36,67.39603424072266,0.0046484247,0.00010464533953666866,0.01208233224568711,0.00984258856395782,0.018067855,0.05674206873352883,0.35439958050403375,0.10976302329736162
V39,30.860937118530273,0.00091338396,-4.569894433221755e-05,0.01296438787633769,0.004506964099266422,0.0035502114,0.050698106036007946,0.3802720808729399,0.10975684061038388
V260,31.30521583557129,0.00045133368,-1.2050897131854477e-05,0.012918158045348127,0.004571847035908346,0.0017542785,0.0520507849466393,0.37891606513224363,0.10932324391617894
V78,77.3801498413086,0.0030886536,-0.00044256630442292,0.01281028366223702,0.011300679431449587,0.012005217,0.034743714831194115,0.37575188827099615,0.10845037497675275
V157,24.851964950561523,8.472355e-05,8.907762149679144e-07,0.012701119153889495,0.0036294074090561005,0.00032931005,0.052571050758806186,0.3725498693910649,0.10726990940106798
V50,119.45064544677734,0.0020466463,-0.00014837228439481542,0.012142223261812912,0.01744469938145762,0.007955063,0.046570554117177455,0.3561563068180714,0.10703165586278458
V92,83.82727813720703,0.002412138,-0.00012265851903352497,0.01222031799152723,0.012242224908872302,0.009375685,0.0476042684337921,0.35844698537975467,0.10691729090426011
V42,46.26338195800781,0.0006585904,3.949689596804973e-06,0.01238725743366631,0.006756353535038766,0.00255986,0.05269402156886302,0.3633436615396729,0.1063384741619217
V148,26.54146957397461,0.00028856748,-4.878782845496588e-07,0.012480768489999905,0.003876144462244784,0.0011216264,0.05251562772473114,0.3660865325734458,0.10589998277809544
V93,18.141992568969727,5.4362492e-05,-4.544931454031342e-06,0.012506039277242031,0.002649475901637778,0.00021130033,0.05235253088202317,0.366827776582922,0.10551027092373921
V154,12.825684547424316,4.682436e-05,-3.126063035985283e-07,0.012471889601266106,0.001873076620510298,0.00018200054,0.05252267380116004,0.36582609656004916,0.10510096188088655
V75,77.15602111816406,0.00770043,0.00035646147783259253,0.010577011984710838,0.011267947434201833,0.029930627,0.0668652826484763,0.3102454504763112,0.10457732688312478
V49,150.4771270751953,0.026726145,0.0005640335809886654,0.00738990650127147,0.02197583977712194,0.10388125,0.07520985030503816,0.2167611112456792,0.10445701216736804
V241,0.0,0.0,0.0,0.012368008619214832,0.0,0.0,0.052535240829246106,0.3627790543406581,0.10382857379247605
V94,84.954345703125,0.0012262358,-5.457332134128912e-06,0.01177511590347513,0.012406823055634016,0.004766228,0.05231585163134735,0.34538829521656167,0.1037192995116672
V29,122.8038330078125,0.0047404026,9.298785592044556e-05,0.01093164658146839,0.017934402461362405,0.018425362,0.05627342839476571,0.3206476104043298,0.10332020086127541
V6,62.736820220947266,0.003965516,0.00016448061407297042,0.01120447961742621,0.009162151990133956,0.015413474,0.05914749551788674,0.32865036281379184,0.1030933711533439
D5,74.29496002197266,0.017254423,0.0004376309944659207,0.0090064285885183,0.010850115026948071,0.06706583,0.07012836334621318,0.26417701886569034,0.10305533119683886
V198,22.696392059326172,0.00021391785,1.8300367569756836e-05,0.012084318783528225,0.003314605250040771,0.00083147245,0.05327093051492109,0.35445784973246003,0.10296871448800363
V5,79.38455963134766,0.015608661,0.0004107309185320984,0.009211203608260554,0.01159340557029713,0.06066895,0.06904695837809156,0.2701834901014292,0.10287320077190205
V304,86.74613189697266,0.001596185,8.009777778950066e-06,0.0115603856655897,0.012668497418217895,0.0062041753,0.05285724042155268,0.3390898170187541,0.10270493253892389
V80,29.428558349609375,0.0002278264,-4.031710813789946e-05,0.012090911380864933,0.004297777979503336,0.0008855333,0.050914460235619505,0.35465122413096617,0.10268724890785406
V81,43.40776062011719,0.0017760552,8.350799388581187e-05,0.011631323033791663,0.0063393155558762885,0.0069033084,0.05589233021769808,0.34117055549056774,0.1025763774269668
V43,32.09220886230469,0.00096085673,-0.00014470105720945092,0.012102878292825192,0.0046867803350572786,0.0037347323,0.046718140440990194,0.35500223819782056,0.10253547281335551
V302,43.404937744140625,0.0001860577,-1.7307159677493188e-05,0.011967598961728054,0.006338903300064542,0.00072318345,0.051839478910009916,0.3510342180162198,0.10248394591809809
V65,0.0,0.0,0.0,0.012100658387419472,0.0,0.0,0.052535240829246106,0.3549371238201865,0.10186809116235815
V84,41.075618743896484,0.00014011555,2.7563226199434075e-05,0.011839484810115986,0.005998727074387457,0.00054461195,0.05364330497831607,0.3472763672416598,0.10186575281026074
V15,56.03083038330078,0.0007639122,-1.2070245337492124e-05,0.011722859928877671,0.008182802097671665,0.002969233,0.05205000713300962,0.3438555203267816,0.10176439066094889
V12,99.97640991210938,0.008944917,5.088578096446028e-06,0.010381087623303475,0.014600661299324781,0.03476779,0.05273980581440486,0.3044985871984804,0.1016517114852619
V85,65.28770446777344,0.0022868202,1.2002336929484158e-05,0.011302199152892989,0.009534685840213534,0.008888589,0.05301774455215547,0.33151667717034644,0.10073942419524358
V110,47.401512145996094,0.00014066447,-1.154822316018489e-06,0.011678526103184428,0.006922567278900568,0.00054674555,0.05248881603130456,0.342555118309329,0.10062831179200614
V34,89.33336639404297,0.0064022234,6.021844488428574e-05,0.010390681245649791,0.013046339897527378,0.024884656,0.05495607137376315,0.3047799878143476,0.09941676378932526
V61,89.71674346923828,0.0075207627,0.00044349843268534086,0.009696127690259182,0.013102328693582101,0.029232282,0.07036423914285544,0.28440730780003315,0.09927653945699641
id_33,55.51090621948242,0.016161846,0.0003122694172845053,0.008876041260849066,0.008106871819479838,0.06281911,0.06508872581102344,0.2603524911760538,0.09909179929338083
D12,41.76675796508789,0.0015262984,4.84729459011568e-06,0.011303255796897504,0.006099661781766587,0.0059325346,0.0527301060208759,0.3315476707057275,0.0990774932718894
V48,96.00618743896484,0.0112692565,0.00013736808725326455,0.009520571478043305,0.014020845784201652,0.043802217,0.05805754985106815,0.2792578841044223,0.0987846240971869
id_32,106.57156372070312,0.0015457256,-1.3435242280102067e-05,0.01094530059498977,0.01556382458015155,0.0060080457,0.05199513314384912,0.3210481106195015,0.09865377852284458
id_37,39.597869873046875,0.0011393232,-1.4909499674864434e-07,0.01124607548043044,0.005782915056655447,0.0044284095,0.052529247088908625,0.32987045477117566,0.0981527566055938
id_12,61.405364990234375,0.00021562226,-7.667959478241393e-06,0.011259295260409585,0.00896770485129447,0.00083809724,0.05222698261110853,0.3302582180261248,0.098072750682908
V254,51.59366226196289,0.00034718355,1.853102853162092e-05,0.011173943039860967,0.007534793343158778,0.0013494599,0.053280203273508284,0.3277546623762365,0.09747977971520701
V73,88.09403991699219,0.0019484484,-6.188163182028195e-05,0.010811683166108255,0.012865347339916924,0.0075733797,0.05004754881489805,0.3171288374377414,0.09690377831547371
V74,52.80308151245117,0.0024287573,8.836591102017178e-05,0.010715333286841933,0.007711418217574516,0.009440281,0.05608762244426071,0.3143026979061301,0.0968855049990905
V19,87.83102416992188,0.008035297,0.0004219483253130596,0.009317824791673868,0.012826936240311141,0.031232212,0.06949790726954508,0.27331090804575947,0.09671699082361013
V107,0.0,0.0,0.0,0.011383845975551532,0.0,0.0,0.052535240829246106,0.3339115459019197,0.09661169668279145
id_24,7.935163497924805,1.0387323e-05,-1.5857941126906638e-07,0.011263932475685356,0.0011588597219065805,4.037425e-05,0.052528865807717914,0.3303942370591246,0.0960305842093831
V240,34.301368713378906,1.473508e-05,-1.9348205682057085e-07,0.011101854512393095,0.005009408390715182,5.727345e-05,0.052527462692931445,0.32564015804261437,0.09580857564401117
V20,89.26718139648438,0.0062479135,0.00029120263567796736,0.009545552824361758,0.013036674170049273,0.024284873,0.06424182402726308,0.2799906382180866,0.09538850239328465
V115,53.587852478027344,0.0009658126,4.026703042918634e-05,0.010763339314048048,0.007826027004547311,0.003753995,0.05415400825818397,0.3157108131240828,0.09536121086100237
V262,98.26702880859375,0.0009577984,6.869751149585213e-06,0.01044767099039201,0.014351021463829201,0.0037228449,0.05281141042226871,0.30645161388942793,0.09433422266343436
V9,41.34001922607422,0.0007145296,5.8226717828180344e-06,0.010695672798744615,0.006037340402181973,0.002777289,0.052769316978665604,0.31372601547491474,0.09382749043911265
V1,0.0,0.0,0.0,0.011003666954632951,0.0,0.0,0.052535240829246106,0.32276011563248025,0.09382383911543159
V313,87.29187774658203,0.013312692,0.000819912463102801,0.007662961825779968,0.012748198722882303,0.0517448,0.08549638983140875,0.22477038383415213,0.09368994311235766
V31,45.089542388916016,0.00021645009,-2.717853834433015e-06,0.010722623602539505,0.006584924755158377,0.00084131496,0.05242598089085728,0.31451653781488476,0.09359218960587495
V58,40.121681213378906,0.0003167857,-4.0727593599743095e-05,0.010770588993631813,0.005859413022242097,0.0012313072,0.050897958385629515,0.315923461092292,0.09347803491599956
V69,156.45346069335938,0.007028044,-2.1688959201293656e-05,0.009256093613253746,0.022848629898784556,0.027317146,0.05166332699928639,0.27150020599823715,0.09333232718391041
V32,43.40901565551758,0.00031682855,-2.2508033242174542e-05,0.01069920224885923,0.006339498842581781,0.0012314736,0.05163039955554062,0.31382954148418135,0.09325772838001213
V66,70.55064392089844,0.0021173721,7.279250232303803e-05,0.010186548711058618,0.010303291118813604,0.008229965,0.05546155872692771,0.2987923619855544,0.09319679429384178
V16,26.62970542907715,4.602692e-05,3.1564131635519745e-06,0.010692985257578336,0.003889030520425319,0.00017890098,0.05266213120996128,0.3136471843815009,0.09259431177394264
V30,98.63066101074219,0.0057352353,1.9708613443025767e-06,0.009562495525396786,0.014404126697611494,0.022292156,0.05261447106095441,0.2804876023817366,0.09244958897818752
V314,104.4483642578125,0.013956376,0.00018366872284485413,0.00813267021957964,0.015253750271063767,0.054246724,0.05991887312313296,0.23854789419695882,0.09199181031076038
V55,86.2013168334961,0.010175741,-0.001142527859158826,0.010489974054494366,0.012588932046550875,0.039551858,0.006604690069787485,0.30769244950518926,0.09160948237010597
card4,73.44945526123047,0.027006522,0.0005999988603527795,0.005865780524770825,0.0107266366118958,0.10497104,0.0766556838365091,0.17205537101908178,0.09110218194561273
V8,49.1034049987793,0.0016943306,-1.2522082846833094e-05,0.010042203934204297,0.007171113522290123,0.0065856553,0.05203184289702058,0.2945584336905119,0.09008676134452606
V10,73.34232330322266,0.004752256,0.0002959827806130244,0.009058487936940862,0.010710990946737583,0.018471437,0.06443398974805246,0.26570402630656376,0.08983011089410223
V120,0.0,0.0,0.0,0.010436375108712204,0.0,0.0,0.052535240829246106,0.30612028251669765,0.08966388083648594
V24,66.44451904296875,0.008271677,-0.0003451067367287175,0.0094605606991367,0.009703628271867135,0.032150995,0.0386616688531373,0.277497644902441,0.08950348425343528
V125,75.5684814453125,0.0010397824,5.10872299286369e-05,0.009788356695957345,0.011036101450905137,0.0040415064,0.05458898909331465,0.2871125736597268,0.08919479266177982
V59,96.46705627441406,0.00289843,0.00018290693466782582,0.00925545799593297,0.014088151559391257,0.011265841,0.059888248617785036,0.2714815620388373,0.08918095088218
V108,40.98938751220703,0.00036539012,6.241427654176678e-05,0.009958440746927977,0.005986133773543506,0.0014202265,0.05504434559534529,0.2921014876449332,0.08863804838599848
V17,18.762577056884766,0.000168954,1.258771499612621e-06,0.010174145773709453,0.002740106720684271,0.0006567034,0.05258584446905589,0.2984285583999403,0.08860280325462785
V11,96.11842346191406,0.012952632,0.00026892450464448546,0.007722697647422949,0.014037236852435702,0.05034529,0.06334622500964913,0.22652255797577062,0.08856282757252434
id_30,65.72673034667969,0.013564046,0.0004657143459593671,0.00751280305207791,0.00959880164678414,0.05272178,0.07125733695585026,0.22036591908952424,0.08848595937141489
V22,36.973411560058594,7.463088e-05,-1.1889662083541807e-06,0.01006216704887719,0.005399636371655398,0.00029008108,0.05248744341901552,0.29514399277974757,0.08833028841250053
V315,102.07855987548828,0.0093247285,-9.073056525661371e-05,0.008619949847625596,0.014907661517102813,0.036244076,0.04888779818743482,0.2528408048913566,0.0882200850853096
V57,71.4539566040039,0.0019497294,-6.033187848222266e-05,0.00967699013268919,0.0104352118643675,0.007578359,0.05010985016167728,0.28384596399349293,0.08799234625125535
M9,77.58097076416016,0.01014494,0.0007241672981833424,0.007439427605790305,0.011330007532738192,0.039432134,0.08164735619773995,0.2182136667879948,0.08765579124943931
V76,98.55242919921875,0.009603327,0.0006046568460283952,0.007506798746469201,0.01439270164060164,0.037326954,0.07684293865554538,0.22018980049373707,0.08718809877376402
DeviceType,119.44085693359375,0.014727129,0.0003780195521130514,0.006972604913242142,0.017443269856575266,0.057242543,0.06773193479798607,0.20452079996024403,0.08673463678001742
V64,156.30015563964844,0.0047837505,-0.00017679214291668188,0.008788262065123176,0.022826241065592046,0.018593851,0.04542805265084449,0.2577777473675195,0.08615647314021595
id_25,16.140640258789062,1.7087728e-05,6.798428351828533e-07,0.009845378185990628,0.002357196280402551,6.64179e-05,0.0525625710650907,0.28878513088929014,0.0859428290343001
V290,69.86788177490234,0.0025874435,-0.00012641927909229356,0.009352587696492165,0.010203579808410952,0.010057075,0.047453082815525786,0.2743305753280513,0.08551107822528334
V46,37.19734573364258,0.00039979047,-2.6263482028809902e-05,0.00955929915456788,0.005432339956678287,0.0015539365,0.05147942745474117,0.2803938462709241,0.08471488754863826
V21,16.786222457885742,7.4867e-05,-1.7183482911709015e-05,0.009669574863883756,0.0024514777917927916,0.00029099884,0.051844450816754324,0.2836284589538589,0.08455384660054481
V282,69.66567993164062,0.00672136,-0.0004249226377169402,0.00905547015173025,0.01017405003603606,0.026125101,0.035453004607128864,0.2656155084781392,0.08434191612347593
M1,0.0,0.0,0.0,0.009664531189247372,0.0,0.0,0.052535240829246106,0.2834805176343366,0.08400393961589568
V112,57.86899948120117,0.00031963678,1.0093693344681576e-05,0.009275256303289181,0.008451250268924494,0.001242389,0.05294101552506809,0.27206228699152474,0.08367423543916681
V72,100.2663803100586,0.0016568886,-5.9666451957163244e-05,0.008974754804312646,0.014643008884830291,0.0064401226,0.05013660085010988,0.2632479618254433,0.08361692354305104
V26,85.16850280761719,0.0021445106,0.00010682030548210264,0.008651308589487039,0.012438098787081898,0.00833545,0.05682950413648731,0.2537606210936297,0.08284091843750974
V18,23.942466735839844,7.532889e-05,-1.1405956942245333e-05,0.009385709414347687,0.0034965833218822784,0.00029279417,0.05207671206769652,0.2753021032313466,0.082792048197172
M2,81.55936431884766,0.007908433,0.00025674386072152,0.007647895720221953,0.011911016361305593,0.030739108,0.06285655320033452,0.2243284640639442,0.08245878543152944
V71,100.58732604980469,0.0037349132,-0.00012895806718002945,0.008593837969827822,0.014689880142216043,0.014517149,0.04735102146603964,0.25207488997116334,0.08215823513401888
V305,0.0,0.0,0.0,0.009404620686813692,0.0,0.0,0.052535240829246106,0.27585680963177206,0.08209801261525454
id_34,64.15379333496094,0.0017756128,-1.0135424768531465e-05,0.008814416838568206,0.009369088251659559,0.006901589,0.052127788496186635,0.25854492050500755,0.08173584661877653
V117,72.07841491699219,2.9924702e-06,0.0,0.008990039766547886,0.010526408420950246,1.1631364e-05,0.052535240829246106,0.26369630111077647,0.08169239543125119
V56,95.92764282226562,0.0062296623,0.00037100449973264115,0.00748799886511109,0.014009375044791036,0.024213932,0.06744992397710692,0.21963836142292203,0.08132789822485151
id_06,57.916534423828125,0.015722223,7.205006235175838e-05,0.006800954013702842,0.008458192322532832,0.06111035,0.05543171203521393,0.19948592709357688,0.08112154567149953
V113,0.0,0.0,0.0,0.009246634970425216,0.0,0.0,0.052535240829246106,0.2712227646084123,0.0809395013594146
V118,55.42393112182617,0.0001564738,6.852299826842767e-06,0.008881887921163178,0.008094169883658468,0.0006081945,0.05281070886487681,0.26052398571208685,0.080509264740906
V4,53.131351470947266,0.0030406555,4.4969403164873965e-05,0.00838305382204374,0.007759359111661015,0.011818655,0.05434304747319743,0.2458921586877851,0.07995330502696693
V130,74.31018829345703,0.009210404,2.1995116103212807e-05,0.007449443213326967,0.010852338979921708,0.03579971,0.05341946241609003,0.2185074450948075,0.07964473867705041
id_22,16.124134063720703,1.3694295e-05,6.070025326820883e-09,0.008955044441694149,0.0023547856981087326,5.3228046e-05,0.052535484849209516,0.2626698164722503,0.07940332876650565
V121,78.87903594970703,0.00021914791,4.896992922454046e-06,0.008472351439348547,0.011519578353847659,0.0008518011,0.05273210393432529,0.24851144091486754,0.07840373106893837
id_07,37.97964096069336,0.0020935424,9.240627162003801e-05,0.00829400349611742,0.005546587184162132,0.0081373425,0.056250048232070644,0.2432801300239234,0.07830352699005358
V277,28.847553253173828,0.0009458485,1.1734117685913149e-05,0.008596082946856543,0.004212927376909239,0.003676397,0.053006961920044796,0.2521407397509112,0.07825925651882827
V63,87.48474884033203,0.001668726,-2.2536486485846828e-05,0.008204029362288923,0.01277636582266864,0.006486133,0.051629255711964035,0.24064100417995274,0.07788318973030528
V88,0.0,0.0,0.0,0.008811942638238701,0.0,0.0,0.052535240829246106,0.25847234713580786,0.07775189699126349
V54,116.78738403320312,0.009452689,0.00023482461993478142,0.006623619826409133,0.017055753850353406,0.036741443,0.06197538186302874,0.19428435174306055,0.0775142326087062
V60,77.0828628540039,0.0031905824,-5.719367539471776e-05,0.00803963317184575,0.011257263323448227,0.012401402,0.05023600848249954,0.23581892680740582,0.07742840015249153
V133,68.14594268798828,0.0038402146,0.0001797588677891815,0.00761321651988589,0.00995210599165555,0.014926443,0.05976169376452291,0.22331125200575874,0.07698787365959885
V116,19.367889404296875,8.573761e-05,9.364531553845979e-06,0.008579203022171633,0.002828507180078972,0.00033325155,0.05291170262702594,0.2516456169463379,0.07692976957536063
V111,20.40477180480957,0.00013229402,-9.664239053597256e-06,0.008523880906030179,0.002979934589309067,0.0005142106,0.05214673054580358,0.25002290583771686,0.07641594539552075
V307,71.23675537109375,0.013396289,-0.00035551038074101984,0.006970821941524319,0.01040349156516587,0.05206973,0.03824343388795912,0.20446850174364165,0.0762962895633642
V318,54.061248779296875,0.0050614905,0.0004914542883049267,0.006996988604755838,0.007895162304177153,0.019673392,0.07229210360855899,0.20523602363294832,0.07627417043057814
D14,35.87501525878906,0.0013967677,2.8909254312914356e-05,0.008187477276783373,0.005239225406895149,0.0054290644,0.05369741640509159,0.24015549757076907,0.07613030094301851
addr2,42.0136833190918,0.00044441925,2.247350997330866e-05,0.00820731130100305,0.006135723023245416,0.001727403,0.05343869423941697,0.24073727017230218,0.07550977261502685
D13,69.08189392089844,0.024253655,-8.500273761928856e-05,0.005053119357815161,0.01008879330575715,0.09427098,0.04911806152493565,0.14821835256895496,0.07542404731197191
id_21,64.52710723876953,0.00010805603,-4.272539068095327e-06,0.008157113168193453,0.009423607411455653,0.00042000055,0.05236348127785679,0.23926485600192066,0.07536798631021793
V215,30.02313995361328,0.00044808642,1.6619729310751728e-05,0.008203746164049841,0.004384611309710953,0.0017416569,0.05320336748768747,0.240632697394881,0.07499058327735669
V140,33.87398147583008,0.00181942,-0.00011002907261379314,0.007994428634407802,0.0049469923037143565,0.0070718625,0.04811198246911762,0.23449298502902058,0.07365595556619015
id_23,16.074913024902344,1.0474715e-05,3.5304784735012975e-06,0.008039096175480598,0.002347597405218244,4.071393e-05,0.0526771689401735,0.23580317560286415,0.07271716396968961
V292,58.000457763671875,0.00086691533,0.0002771224532080563,0.007331556917148818,0.008470448576395556,0.0033695935,0.06367578922080083,0.21504959829311704,0.07264135740437036
V278,54.427947998046875,0.00033312646,4.513063821276475e-06,0.0077574799033075514,0.007948715448327884,0.0012948216,0.05271666967166963,0.22754279286451798,0.07237574990042725
V128,153.41372680664062,0.009169393,0.00021841278899101813,0.005755863601696998,0.02240470392705705,0.035640307,0.061315612888315815,0.16883128227234467,0.07204797646462976
V109,62.82314682006836,0.0012805852,8.908482964331554e-05,0.00735490970032493,0.009174759218539115,0.0049774772,0.0561165235586165,0.2157345833103243,0.0715008358340595
id_11,48.52656173706055,0.0016887066,7.1857718425327736e-06,0.007452228128148608,0.007086870718467128,0.0065637953,0.05282411471158832,0.21858913235720512,0.07126597826301773
V41,0.0,0.0,0.0,0.007569081056688853,0.0,0.0,0.052535240829246106,0.22201666836707717,0.06863797729908082
V25,54.48595428466797,0.0023854298,6.0691906858867384e-05,0.006893324749973839,0.00795718674815682,0.009271873,0.05497510493087239,0.20219535020160104,0.06859987876045674
V14,21.848770141601562,7.765262e-06,0.0,0.007444296770493519,0.0031908176431296913,3.018262e-05,0.052535240829246106,0.21835648937333135,0.06852818261650712
V234,43.47520446777344,0.0013753907,7.164450878547335e-05,0.007055396331578034,0.006349165127162333,0.0053459746,0.055415408451443424,0.2069492420301141,0.06851494754797466
id_26,29.561199188232422,0.000418208,2.906935123052623e-05,0.007308591875549331,0.004317148988733374,0.0016255231,0.053703852431611084,0.21437598653144568,0.06850562775983968
V320,155.68841552734375,0.015002489,0.0007673229019089511,0.0037253418512261938,0.022736901888571952,0.058312833,0.08338224662652433,0.10927191559228651,0.0684259743541391
V119,11.214508056640625,2.4923331e-06,5.159521518915966e-08,0.007453875972279533,0.0016377786911682879,9.687393e-06,0.05253731499893151,0.21863746700459444,0.06820556202186755
V134,46.4683723449707,0.0016665657,-3.055043740709529e-05,0.007009161570542766,0.0067862905493033705,0.0064777364,0.0513070883559372,0.20559308168106788,0.06754104924715286
V13,75.01861572265625,0.0052143447,2.101632452129465e-05,0.006312228374673712,0.01095579847559656,0.020267518,0.053380114197072136,0.18515060193188745,0.06743850821044733
id_18,46.15428924560547,0.0046355417,-0.00010542116464704599,0.00669831423838807,0.00674042151922212,0.018017782,0.0482972241234589,0.1964752920129559,0.06738267988850406
id_05,48.66693878173828,0.018202506,0.00026564365596208893,0.004234401035805524,0.007107371531462329,0.07075091,0.06321433221969838,0.12420366534043957,0.06631906903877112
V7,76.68885040283203,0.0033334072,-9.885036224366317e-06,0.006411045498325274,0.011199721325767626,0.012956545,0.05213785431965447,0.18804911080058953,0.06608580780072523
id_08,31.28180503845215,0.00034938904,5.816601757493434e-05,0.006933794315262309,0.004568428098183094,0.0013580323,0.05487356212380781,0.2033824055374228,0.06604560702559788
V150,43.062957763671875,0.0012214188,2.2925726859224226e-05,0.0067887988604657945,0.006288960179778832,0.0047475053,0.05345687372665339,0.19912939152407128,0.06590568268256262
M8,74.290283203125,0.017751316,0.0005182864558304301,0.0037463658832948,0.010849432019346447,0.06899718,0.07337077860334099,0.10988859356422997,0.06577649653472926
V272,44.46046829223633,0.0007048626,-4.1731424036095534e-05,0.006903047699770681,0.006493054104613179,0.0027397145,0.05085760358426413,0.2024805442567879,0.0656427291010625
V127,57.954654693603516,0.00781676,-0.00010380236477101069,0.005866420716917675,0.00846375944729875,0.030382786,0.04836230119731721,0.1720741491675114,0.06482074893956452
V126,69.95237731933594,0.007388172,0.0002211135708793277,0.005373280633766964,0.010215919627640924,0.028716918,0.06142418652056191,0.15760933930758378,0.06449159088420794
V209,40.039546966552734,0.0009007028,-0.00013344950653610966,0.006835282004543641,0.005847418049427627,0.0035009212,0.04717046194473453,0.20049283745708454,0.0642529096593266
V216,45.62464141845703,0.00021601317,-1.377895746323965e-06,0.006704899334614378,0.006663071186889562,0.0008396167,0.0524798482976676,0.19666844638851244,0.06416274564223856
V276,38.8902587890625,0.0030215438,-0.00023718927417111236,0.006649621456086718,0.005679574780904532,0.01174437,0.04300003876867125,0.19504703285981656,0.06386775404052436
V124,70.43975067138672,0.0058860797,-2.7357224715229832e-05,0.005802939254986539,0.010287096150641358,0.02287847,0.05143545810767126,0.170212107715522,0.06370328296828284
V102,185.25750732421875,0.011764353,0.0002208772192686226,0.004091317644230985,0.02705520352227087,0.045726597,0.061414684993255114,0.12000673606221915,0.06355080547171442
V267,25.780519485473633,0.0009555564,-6.761325322339751e-05,0.006641034299915027,0.003765014501510434,0.0037141305,0.04981713296492165,0.19479515396068628,0.06302285797999982
V295,40.89658737182617,0.0011830291,3.2263322675651904e-05,0.00638676387914483,0.005972581142283573,0.0045982893,0.053832252685844365,0.18733688111872657,0.06293500105233947
V3,33.92218780517578,0.0011828475,2.5465273700175928e-05,0.006375713247003922,0.004954032407353595,0.0045975833,0.053558965578636965,0.187012743417875,0.06253083118096435
V152,119.09507751464844,0.003924267,0.00015744773099308774,0.0052255726958059245,0.017392771862251046,0.015253143,0.058864767888362056,0.15327676260086442,0.061196861434132555
V236,21.59254264831543,0.00013356107,-2.1538726074732394e-05,0.006392136907306556,0.0031533979073306694,0.0005191355,0.05166936649336959,0.18749448305251148,0.06070909573861187
V132,36.09122848510742,0.0012425669,1.327969788154082e-05,0.0060702058768018485,0.005270801416562668,0.0048297048,0.0530690955030984,0.17805158578383012,0.06030529686624908
V285,127.70578002929688,0.032220043,-0.0008321974355857354,0.0026633857043760756,0.01865028802107441,0.12523535,0.019080225924661284,0.07812256418360417,0.06027210676730887
V185,78.72809600830078,0.00015505034,-1.1129391413744472e-05,0.005909328853796136,0.011497534924173098,0.00060266163,0.05208783022726112,0.1733327328085435,0.059380189897994776
V271,37.804420471191406,0.0009042005,-7.3295555670149785e-06,0.0060048197367801315,0.005520997797404106,0.0035145164,0.05224058672403863,0.17613367621775722,0.05935244428484332
V239,22.284147262573242,0.000119242504,-1.576689075399873e-05,0.006072211741418698,0.0032544005812084943,0.00046348097,0.05190139897559665,0.17811042190621976,0.05843242560921849
V184,25.071786880493164,0.00036685372,-7.630401196667691e-06,0.0059766733296053864,0.0036615104376397168,0.0014259154,0.05222849248462665,0.1753080843789807,0.05815600067473768
V270,35.20966339111328,0.0007237807,-7.72031344666857e-06,0.005826006409486384,0.0051420567120665645,0.0028132468,0.05222487793892481,0.1708887146579511,0.05776722402714385
V208,29.284822463989258,0.0009414231,-0.0005211321595729457,0.006469596630275465,0.0042767866378024015,0.0036591962,0.03158530344629773,0.18976653556422246,0.0573219554615773
V214,30.270427703857422,0.0012976628,-5.2183248874349e-05,0.005714048217859702,0.004420725475922371,0.0050438563,0.05043743171062963,0.1676047513187829,0.05687669120981903
V210,63.08446502685547,0.00085151475,-0.0001031805665529184,0.005610385782074845,0.009212922407555401,0.0033097332,0.04838729799226561,0.16456411950953154,0.05636851828592462
V99,93.41143035888672,0.019925106,-0.000483585638614481,0.003381432352498326,0.01364190469886411,0.077446446,0.033094704178104395,0.09918434478210494,0.055841849870447303
V306,47.37865447998047,0.0032836236,-0.0002341997867038481,0.005448864793170971,0.006919229121030319,0.012763042,0.04312021860040072,0.15982637769395094,0.05565721685457458
V182,47.120262145996094,0.00016661115,-1.2976196615732683e-05,0.005480144873248216,0.006881493229591884,0.0006475971,0.05201358715354281,0.16074388658479158,0.05507164101025949
V136,87.53694915771484,0.009442922,0.000558939691620175,0.0032272009666427515,0.012783989212571255,0.03670348,0.07500507180241611,0.09466042197181453,0.0547882403829381
V165,95.11915588378906,0.014586721,0.00018262695475019798,0.002841739948483246,0.013891302751897126,0.05669679,0.05987699319699582,0.0833540598921631,0.05345478676072149
V268,95.6472396850586,0.00081991166,4.573688199056569e-05,0.004716833013476807,0.013968424672225878,0.003186896,0.05437390074725781,0.13835438450887366,0.052470901476515765
V103,22.81461524963379,0.00072376616,-8.400725346771054e-05,0.0051482328770049435,0.0033318706905674372,0.0028131902,0.04915808079885336,0.15100822712427134,0.051577842208869656
V237,33.79899215698242,2.7673766e-05,9.803090883497845e-07,0.005025458575254271,0.0049360407837855625,0.000107564534,0.05257465005325887,0.14740700509591292,0.051256315116769056
V238,38.03351974487305,0.00021222672,-1.7880777069700925e-05,0.004992301012806788,0.005554455699142002,0.0008248992,0.05181641902351516,0.14643442579723331,0.05115754992493786
V316,45.37058639526367,0.014321515,-0.0008872840534432491,0.004267135785347875,0.006625968720934851,0.055665974,0.01686569900753715,0.12516384266960176,0.05108037099299922
V180,22.89949607849121,0.0014341973,-8.917436251656418e-05,0.004960484338285331,0.0033442667771446874,0.005574549,0.0489503588054284,0.14550117749101638,0.050842588039064024
V95,59.194183349609375,0.005594898,0.00034556767927624855,0.003613746479975255,0.008644781531338965,0.021746682,0.0664273430712971,0.10599859451872953,0.05070435028112651
V131,52.71073913574219,0.0054977457,0.00024223194770121026,0.0037909662646540276,0.00769793243860838,0.021369062,0.062273162474013925,0.11119681420595852,0.05063424287067056
V101,24.98910903930664,0.00054647337,-2.0669574325049566e-05,0.004909990016154442,0.003649436077726363,0.0021240748,0.05170430710180768,0.14402007548048273,0.05037447337663072
V281,113.31005859375,0.01545651,0.00016116031022599396,0.002141910756594312,0.016547921542575856,0.060077555,0.05901401659817562,0.06282663464126026,0.04961653206490772
V235,21.24493408203125,7.348283e-05,-4.510028808502043e-06,0.004857931387839409,0.0031026327823824845,0.00028561873,0.052353933996808745,0.14249308916183975,0.04955881866895245
V207,40.600521087646484,0.00081668206,3.68166004146353e-05,0.004459767387277935,0.005929343307065671,0.003174343,0.05401529816052213,0.13081412255991037,0.04848327673526282
V181,15.410457611083984,0.00043378407,-2.0803873635122372e-05,0.004599321837177817,0.0022505596294650114,0.0016860655,0.051698908160128655,0.13490754074245073,0.04763576849745142
V280,125.73617553710938,0.0056262272,0.0003872448524611993,0.0023431405673126626,0.01836264488496521,0.021868454,0.06810279938786472,0.06872911762660826,0.04426575404796369
V183,31.283321380615234,0.000119367585,-1.6515021373941784e-05,0.003917127961291733,0.004568649546406295,0.00046396715,0.05187132351517042,0.1148973954724636,0.04295033392184429
V266,51.76484680175781,0.0017144629,0.00011366767341329798,0.003290618125757483,0.007559793315526497,0.006663907,0.057104773905894954,0.09652057729034097,0.04196226284135211
id_38,130.80593872070312,0.013183266,0.0002793410474604352,0.0011364845873198526,0.019103038495583077,0.051241737,0.06376497851724264,0.0333354233938756,0.04186129431644612
id_03,83.81793212890625,0.0026705554,-1.204141271735626e-05,0.0031294843015732265,0.012240860007873952,0.010380121,0.05205116622782911,0.09179419180989735,0.04161658474838936
V291,52.013916015625,0.011232826,-0.0007165706615022804,0.0031024927507581346,0.007596167648581273,0.043660615,0.02372851644433632,0.09100247427626998,0.04149694325217705
V137,76.37586975097656,0.0025091108,0.000127608624677511,0.0027920942554213735,0.011154013298293937,0.009752606,0.05766521150445601,0.08189784991240193,0.040117420189220335
id_09,101.54034423828125,0.006071933,-0.0002067822411119913,0.00261156940551599,0.01482905993267136,0.02360086,0.0442224262703596,0.07660268588478972,0.03981375791383592
V309,105.78451538085938,0.006486228,-4.755902771447218e-05,0.002305279619922329,0.015448883203017117,0.025211172,0.05062332916862515,0.06761857840290754,0.039725490738234365
V146,26.18189239501953,0.00022861126,-1.3497460039602061e-05,0.003353719890758944,0.0038236314283650397,0.0008885839,0.05199263193922821,0.09837148145278564,0.03876908217775174
V145,85.69818115234375,0.0004956296,-4.750250060379102e-05,0.003053968668838003,0.012515453576234042,0.0019264515,0.05062560160452735,0.08957916345124474,0.038661667521951965
V147,17.147335052490234,0.0004023816,2.168288917614447e-05,0.003224917666944105,0.0025042150594079787,0.001564008,0.05340691063924956,0.09459344810957412,0.03801714543979459
V227,29.546710968017578,0.00011464702,6.393254162451179e-06,0.002888639229137402,0.004315033113634709,0.00044561888,0.05279225485518223,0.08472971196427913,0.03557065470233803
V296,151.30738830566406,0.005526382,0.00019907330896289376,0.0012833694542078167,0.02209709201079078,0.021480368,0.06053815003524606,0.037643857738252046,0.03543986705864322
V321,70.26876068115234,0.0011298887,3.4590798007072544e-05,0.0024566934976655297,0.010262124590498503,0.0043917387,0.05392581909036942,0.07205985792274809,0.03515988507071901
V205,48.50074005126953,0.0017882946,-8.15158874527544e-05,0.002623991922725777,0.0070830996919945466,0.006950882,0.04925823574237883,0.07696706378786584,0.03506482025501489
V143,63.69591522216797,0.0019157892,-3.116540684675595e-05,0.0023740423963041213,0.009302219244789425,0.0074464376,0.05128236608344517,0.06963553163747023,0.034416638643538874
C3,106.59026336669922,0.0106087085,0.0006711293138693897,0.0,0.015566555496353145,0.041234747,0.07951518601809557,0.0,0.03407912202245106
V135,50.099586486816406,0.0017313022,-1.0257584028017242e-05,0.0023733473090739032,0.007316596926948021,0.0067293593,0.05212287759443175,0.06961514330367889,0.03394599427448153
V224,43.78910446166992,0.0017154001,-3.2416970191229136e-05,0.0023729594760384387,0.006395007416326064,0.0066675497,0.0512320522173445,0.06960376736546768,0.03347459418025872
V293,48.13319778442383,0.0061525516,-0.001306820302446976,0.003483806609006379,0.00702942342820274,0.023914212,0.0,0.1021871916516584,0.033282706860209815
V324,88.83847045898438,0.0010707381,-6.468522476232863e-05,0.0021742873919521344,0.012974064768498885,0.0041618273,0.049934842094531216,0.06377630774704993,0.03271176046907408
V333,176.86634826660156,0.0020147783,-3.9191877195299266e-05,0.0015686550316746928,0.025829749723552394,0.007831196,0.05095969543624145,0.04601186872505488,0.03265812754638354
V319,48.033477783203125,0.0050841575,2.4678446668713328e-05,0.0016891848688627142,0.007014860213101581,0.019761495,0.05352733449094155,0.04954725600534607,0.03246273650039398
V164,52.03542709350586,0.00085449,-4.788984409413999e-05,0.0023073951498513434,0.007599309149287269,0.0033212977,0.05061003008064529,0.06768063123377999,0.03230281704082452
V166,42.881832122802734,0.0017839922,-7.777219933613466e-07,0.0021051143738466394,0.006262508398430829,0.0069341585,0.05250397577150027,0.061747321281499276,0.0318619909888599
V338,54.11798095703125,0.00026653343,9.290932496885951e-06,0.002187305985456911,0.007903447531788356,0.0010359827,0.052908743884974754,0.06415816979015773,0.031501585987456615
V175,44.98055648803711,0.00028074937,-1.754844318369031e-05,0.002209257790035446,0.006569008338210282,0.0010912383,0.05182977911648632,0.06480206123228525,0.031073021757767515
V279,31.39069175720215,0.0016341137,-5.546940882883433e-05,0.0019940294176881146,0.0045843300304675315,0.0063515995,0.0503053254032138,0.058488971729247635,0.029932556658177473
V160,75.09597778320312,0.0012745169,-5.7348081663599616e-05,0.0017467099232735261,0.0109670965132482,0.004953891,0.050229801224695184,0.05123458381069927,0.029346343146884328
V339,47.43821716308594,0.0022448376,-4.3704941016464716e-05,0.0016807104566467501,0.006927927718658165,0.008725408,0.05077826659382239,0.04929868411762729,0.028932571723694508
V96,93.696533203125,0.0042659715,5.6627266157693865e-05,0.0010239979466426519,0.013683541421645582,0.016581308,0.054811703063208816,0.030035959560430852,0.028778128035483127
V169,47.15995788574219,0.0010799594,-0.00040113231162712814,0.002290708398498209,0.006887290437668954,0.0041976697,0.036409395097997656,0.06719117459914416,0.028671382453993102
V144,47.7964973449707,0.00033887266,-1.8263947417618277e-05,0.0017867499212109728,0.006980251337705485,0.0013171565,0.051801015263358716,0.05240903905525512,0.028126865533770487
V225,57.73411178588867,0.000568808,-7.583206749901538e-05,0.0017687485834012584,0.008431551126352405,0.002210887,0.049486729935146294,0.05188102290418864,0.028002547720458255
id_15,54.92670822143555,0.0034162186,7.114714608627004e-05,0.0011841557201026642,0.00802155492213651,0.013278422,0.05539541406573239,0.0347337154716664,0.027857276601351306
V97,32.095027923583984,0.0006330786,-8.661432934029545e-05,0.0018663246326158234,0.004687192033766577,0.0024606988,0.04905327422478199,0.05474312851473636,0.027736073400812182
V335,39.4135627746582,0.0015741272,4.0470376277235157e-05,0.0014868940509813466,0.005755998651865557,0.0061184396,0.054162182926942075,0.04361365150423119,0.027412568171658935
V220,39.886104583740234,0.0004102487,-0.00027198948805153835,0.001963012884566462,0.005825009160546978,0.0015945863,0.04160104181882731,0.05757919321103754,0.026649957622070376
V311,120.3805923461914,0.0075001474,3.71789050590543e-07,0.00021918574520651823,0.017580509816305583,0.029152153,0.052550187051977636,0.006429167363890558,0.026428004323003493
V100,59.80783462524414,0.0022197624,0.00013929911405632378,0.0010290724135977314,0.008734399816685662,0.008627944,0.058135178701765135,0.03018480408180244,0.026420581573711188
M7,52.19194793701172,0.005585551,0.000576785186667772,0.0,0.007622167619843701,0.021710351,0.07572247524211409,0.0,0.026263748492865623
V323,56.16582489013672,0.0013409351,2.7133392531797362e-05,0.001270684375570319,0.008202516839112307,0.0052120504,0.05362602531469014,0.03727177837009905,0.026078092730212638
V330,73.12371063232422,0.001189093,-2.852304895211155e-05,0.0012744389641343723,0.01067906451963008,0.0046218587,0.0513885910235477,0.03738190815175115,0.02601785560087235
V332,74.8228530883789,0.0015216927,-0.00012626335531700227,0.0013261191501341418,0.010927209092154408,0.0059146327,0.047459351078324115,0.03889779398126281,0.025799746712099926
V327,63.497867584228516,0.00012311888,-2.050758052449808e-05,0.0014150159747619018,0.009273296156980738,0.00047854797,0.05171081938456674,0.04150532013727169,0.02574199591187201
V129,56.5976448059082,0.0048276987,-6.43726184577087e-06,0.0008060465931596372,0.008265580279158065,0.018764673,0.05227645765858733,0.023642999437004444,0.0257374275439121
id_16,68.7475357055664,0.0022881776,1.5991481690758037e-05,0.0010418253208370754,0.010039963276163154,0.008893865,0.05317811142152828,0.030558873001935275,0.02566770321506769
V336,37.77811050415039,0.00026049043,4.500240892757468e-05,0.0013596411533305375,0.005517155461818141,0.0010124943,0.0543443743317479,0.03988106307442139,0.025188771797474988
V329,22.48841094970703,0.00089249364,-4.231338771318871e-05,0.0014326575790410967,0.0032842314674566956,0.0034690131,0.05083420817031722,0.04202278456622718,0.024902559336832976
V301,66.9811782836914,0.0015908432,5.7632234723881126e-05,0.0009627585278437767,0.009782002558499679,0.0061834124,0.054852103618320804,0.028239681830990054,0.024764300099875736
V287,66.8874740600586,0.002435287,3.531123413655912e-05,0.0008694394903256963,0.009768317893959497,0.009465662,0.053954781209716515,0.02550244310282536,0.024672801009425375
V337,69.75003814697266,0.00023617283,-5.869714478845545e-06,0.0011930050282882299,0.010186369799577892,0.0009179748,0.05229927352512047,0.03499328382692619,0.024599225488223242
V299,34.57341003417969,0.00025175462,-2.9280284609578546e-06,0.0013582466854935582,0.0050491375947136555,0.0009785393,0.05241753169964101,0.039840160473300794,0.02457134227905885
V322,80.60907745361328,0.0007730764,-4.2328562776483555e-05,0.0010822892942146112,0.011772235456203262,0.003004853,0.05083359812040959,0.03174576431554271,0.02433911270183457
V331,29.24586296081543,0.0004736477,8.27344450351486e-06,0.0012481549063556585,0.004271096950497855,0.0018410105,0.05286784003869035,0.036610942839648844,0.023897722588664922
V326,134.01873779296875,0.0008150202,-4.4500873077613077e-07,0.0006839552226090007,0.019572239091185318,0.0031678835,0.052517351115718806,0.020061809181145238,0.0238298207202639
id_28,33.717613220214844,0.0010815623,2.431576265622404e-05,0.0011020642463268615,0.004924156117255857,0.0042038998,0.0535127542981596,0.032325804211033135,0.023741653597493282
V298,102.16683959960938,0.0019201734,8.592879585656021e-06,0.0006582409755466756,0.014920553981961505,0.0074634785,0.05288068158923726,0.019307557585794673,0.02364306791006328
V226,92.8295669555664,0.0017373305,-0.00019385081093290513,0.0009392947171822374,0.013556928748219144,0.0067527904,0.04474228029883834,0.027551440149964943,0.023150859903636155
V172,37.8671875,0.0006345709,-8.847061895300712e-07,0.0010626266343436441,0.005530164361088528,0.002466499,0.052499674919653905,0.031169018181752887,0.022916339142363455
id_29,63.110023498535156,0.0006240599,2.8406959718085824e-05,0.0008626715336332857,0.009216654993959048,0.002425644,0.053677223753158386,0.025303925054828792,0.022655861970758036
V289,61.610260009765625,0.0012647804,-0.00023175091086597989,0.0010951367017817404,0.008997627937997866,0.0049160463,0.04321866540419037,0.03212260512406958,0.02231373618666792
id_04,61.72949981689453,0.0012944324,1.2853657979761124e-05,0.0006760425435690109,0.009015041846327006,0.0050313002,0.053051968351950717,0.01982971407935424,0.021732006130155555
V159,125.8449478149414,0.0012724539,-0.00012536347406419957,0.0005248301320448512,0.018378530104176196,0.0049458724,0.04749552703782305,0.015394343976839902,0.02155356836759159
id_10,30.297426223754883,0.0002605174,3.911751938612262e-06,0.0008643896415623242,0.004424668368500254,0.0010125992,0.052692496444095724,0.02535432068349802,0.020871021177052872
V138,15.555213928222656,9.617311e-05,-1.232973891873712e-06,0.0009345705222576495,0.002271699996070868,0.0003738131,0.05248567427428483,0.027412869825507023,0.020636014296677163
V223,54.121639251708984,0.0009336383,-9.301061851527682e-05,0.0007245126841588512,0.00790398179303628,0.0036289375,0.04879613818886953,0.02125144269455125,0.0203951250509986
V288,55.88236999511719,0.0011283974,-3.0989755489208015e-05,0.0005710177555615648,0.008161120784588503,0.004385942,0.05128942741112235,0.016749121685807847,0.020146403002268578
V284,30.524049758911133,0.00018770572,1.5433039361822944e-05,0.0007236245905102301,0.0044577647107492,0.0007295891,0.05315566158494025,0.021225393086733855,0.019892102116297408
V105,47.18399429321289,0.00048185769,-1.9164587423703418e-05,0.0006451339898292385,0.0068908007401957275,0.0018729217,0.05176480880135967,0.018923102817834606,0.019862908517788807
V286,61.44074630737305,0.00090494385,-4.743383344241181e-05,0.0005352807037908303,0.008972871976502506,0.0035174056,0.05062836208035817,0.015700880675838916,0.019704880082082498
V163,96.85333251953125,0.0010841445,4.0229851524165026e-05,0.00018732798808773765,0.014144563753306692,0.0042139366,0.054152513635912336,0.005494714020851144,0.019501432009245333
V269,114.51221466064453,2.5806155e-05,1.4848799426259163e-06,0.0002663285942732241,0.016723485693930017,0.00010030536,0.05259493421267633,0.007811963797002168,0.019307672266436853
V300,65.7861557006836,0.0016992965,-6.0776887213043195e-05,0.0003277999801356568,0.009607480188723847,0.006604957,0.05009196044814818,0.009615045596083156,0.01897986079039895
V206,59.416316986083984,0.00050209544,-2.4770255801498386e-05,0.00046801907638771567,0.008677222164006255,0.0019515833,0.0515394563656155,0.01372795921904059,0.01897405526513885
V297,21.31840705871582,0.0002233199,-1.1070208667041116e-05,0.0006682805464388597,0.0031133628540880765,0.0008680171,0.052090209421894976,0.01960203878696348,0.018918407037426435
D7,48.06064224243164,0.0014217029,9.592916256262462e-06,0.00033583573753226403,0.007018827339635965,0.005525985,0.05292088387812886,0.009850750838455245,0.018829111714393023
V173,73.45683288574219,0.00069778477,1.0472311173637117e-05,0.00027444956117927966,0.010727714048030823,0.0027122037,0.05295623627025331,0.008050168409014935,0.01861158059567275
V106,49.696083068847656,0.00037143458,3.6693303025425725e-05,0.00039747452389704563,0.007257668858376036,0.0014437207,0.0540103415050251,0.011658742837537544,0.018592618464113617
V141,29.4061222076416,0.000426087,-1.2856313615805526e-05,0.0005420677556731146,0.0042945013814536265,0.0016561479,0.05201840654780896,0.015899958824910614,0.018467253659594545
V328,42.54893112182617,6.757034e-05,-1.2796372115753129e-05,0.0005185798094851091,0.006213891181972087,0.00026263762,0.05202081624494561,0.015211009199402523,0.018427088562243666
V174,29.721820831298828,0.00012470086,-1.1227270571989579e-05,0.0004926874567694473,0.004340606344421734,0.00048469694,0.05208389540535718,0.01445153340002045,0.01784018302211391
V98,37.238250732421875,0.0021831035,-4.478919928763148e-06,0.00010573386562207077,0.00543831376623147,0.008485455,0.05235518459911876,0.0031013910940007224,0.01734508613132915
V161,75.18619537353516,0.0008274883,5.7623509062465494e-05,0.0,0.01098027198615063,0.0032163456,0.05485175283962307,0.0,0.017262092596860495
V104,24.60482406616211,0.00025908946,-1.0223440135659346e-05,0.0003845459018709807,0.003593314691288943,0.0010070489,0.05212425020672168,0.011279519842393691,0.017001033404805764
V142,87.06692504882812,0.00057904224,8.412296332660496e-06,0.0,0.012715346391505716,0.002250666,0.05287342199534506,0.0,0.01695985860461618
id_36,74.44379425048828,0.0012206221,-3.308770798853278e-05,0.0,0.010871850936071166,0.004744408,0.05120508801144056,0.0,0.016705336783509207
V334,55.96697998046875,0.00033134528,-3.637007417724991e-05,0.0,0.008173477316891924,0.0012878984,0.05107313421649941,0.0,0.015133627482848952
V68,0.0,0.0,0.0,0.00023982228053731625,0.0,0.0,0.052535240829246106,0.0070344792619226725,0.014892430022792195
V162,34.5413932800293,0.00012247755,6.5275534724573704e-06,0.0,0.005044461833865026,0.0004760552,0.05279765379685857,0.0,0.014579542706802503
V28,0.0,0.0,0.0,0.00018270462599634385,0.0,0.0,0.052535240829246106,0.005359101330156175,0.014473585539850571
V325,10.300496101379395,1.6594138e-05,-7.439574775891522e-06,0.0,0.0015042954125225078,6.449938e-05,0.05223616386220878,0.0,0.013451239663161148
id_27,0.0,0.0,0.0,0.0,0.0,0.0,0.052535240829246106,0.0,0.013133810207311527
V89,0.0,0.0,0.0,0.0,0.0,0.0,0.052535240829246106,0.0,0.013133810207311527
V27,0.0,0.0,0.0,0.0,0.0,0.0,0.052535240829246106,0.0,0.013133810207311527
