feature,fraud_mean,fn_mean,fn_std,deviation_from_fraud,abs_deviation
ProductCD,2.008433344145313,3.101229211858279,1.547564238603621,0.5903749354089305,0.5903749354089305
V302,0.6247161855335712,0.29862617498192334,0.5364212425367032,-0.5215511899165546,0.5215511899165546
V50,0.41907233214401557,0.1735357917570499,0.3788468010711503,-0.4975539313866115,0.4975539313866115
V304,0.6607200778462536,0.3152566883586406,0.5594524430990174,-0.49500732409561254,0.49500732409561254
V15,0.41453130068115474,0.16630513376717282,0.3744265458401365,-0.4946168950264116,0.4946168950264116
V16,0.41453130068115474,0.16630513376717282,0.3744265458401365,-0.4946168950264116,0.4946168950264116
id_35,0.5877392150502757,0.8300795372378886,0.37569876166398175,0.492239984663315,0.492239984663315
V94,0.4346415828738242,0.19305856832971802,0.3948413393418058,-0.487268551818486,0.487268551818486
V42,0.4388582549464807,0.17208966015907448,0.3999300417134665,-0.47619771905598585,0.47619771905598585
V31,0.4304249108011677,0.19161243673174258,0.3955456619280602,-0.47354739594106265,0.47354739594106265
V32,0.43074927019137205,0.19161243673174258,0.3955456619280602,-0.4735449357982153,0.4735449357982153
V33,0.44210184884852416,0.2031814895155459,0.4043056987074646,-0.4729808227869419,0.4729808227869419
V34,0.4547518650664937,0.21908893709327548,0.4155237067122608,-0.46534356500526436,0.46534356500526436
V303,0.7129419396691534,0.34273318872017355,0.622506294928992,-0.4636463507955459,0.4636463507955459
V21,0.41615309763217645,0.18872017353579176,0.3987535161571955,-0.4582760313524039,0.4582760313524039
V22,0.41615309763217645,0.18872017353579176,0.3987535161571955,-0.4582760313524039,0.4582760313524039
V84,0.4492377554330198,0.19088937093275488,0.43006175815527575,-0.4511159933489911,0.4511159933489911
V51,0.48589036652611095,0.2002892263195951,0.4145681800516535,-0.4428015860114205,0.4428015860114205
V79,0.5056762893285761,0.18510484454085321,0.43591741656510047,-0.4407178957443642,0.4407178957443642
V92,0.48880960103795007,0.19305856832971802,0.4110039966706896,-0.4390687017201995,0.4390687017201995
card3,163.0210833603633,155.17932031814894,13.477309240767342,-0.43695513991972457,0.43695513991972457
id_17,188.72072656503406,175.49891540130153,21.741704147949118,-0.4341407290841775,0.4341407290841775
V17,0.4492377554330198,0.19595083152566883,0.4200969192982337,-0.4305131498329695,0.4305131498329695
V93,0.5209211806681804,0.20679681851048445,0.45240642139575876,-0.43043803998942104,0.43043803998942104
V18,0.45053519299383715,0.19884309472161968,0.4289776398015986,-0.42612786516743084,0.42612786516743084
V80,0.49756730457346743,0.19884309472161968,0.4551666326699045,-0.4249864035043336,0.4249864035043336
V57,0.4106389879987026,0.1742588575560376,0.4088418708334501,-0.4226289592626596,0.4226289592626596
V39,0.5196237431073629,0.1822125813449024,0.44207315624353133,-0.41973845884651667,0.41973845884651667
V52,0.5514109633473889,0.22631959508315258,0.47221034486407865,-0.41862834428962087,0.41862834428962087
V71,0.41453130068115474,0.1829356471438901,0.4156118371560448,-0.4136249123966554,0.4136249123966554
V40,0.5851443399286409,0.19450469992769343,0.4979540163528334,-0.41351829575848353,0.41351829575848353
V63,0.4031787220240026,0.17787418655097614,0.40993712244944014,-0.4128579652368966,0.4128579652368966
V58,0.44048005189750244,0.18799710773680406,0.45101650104778707,-0.4053348896040643,0.4053348896040643
V81,0.5530327602984106,0.21908893709327548,0.5289150433236696,-0.4020684711599314,0.4020684711599314
V72,0.4443723645799546,0.19667389732465654,0.4569013326020153,-0.3974243694174104,0.3974243694174104
V73,0.46026597469996755,0.21908893709327548,0.44738834684744494,-0.3894620158825236,0.3894620158825236
V258,2.2053194939993515,1.1091829356471439,0.5369915235105678,-0.3854146917172011,0.3854146917172011
V36,0.5358417126175803,0.7440347071583514,0.5267025225637377,0.38047936589701975,0.38047936589701975
V257,2.012325656827765,1.076644974692697,0.3627715637151808,-0.37606258397211806,0.37606258397211806
V59,0.4326954265325981,0.19378163412870572,0.4782282499848577,-0.3759330325931905,0.3759330325931905
V60,0.46513136555303275,0.19812002892263195,0.4913986006434351,-0.3744650544548938,0.3744650544548938
V13,0.5377878689588064,0.7469269703543022,0.5664424485195374,0.3711974103627086,0.3711974103627086
V43,0.5261109309114499,0.23571945046999276,0.7313308147468222,-0.36766330752352727,0.36766330752352727
V35,0.501783976646124,0.6883586406362979,0.4847027332196771,0.3655792035828835,0.3655792035828835
V74,0.5102173207914369,0.2646420824295011,0.49974016246332764,-0.3632733529915226,0.3632733529915226
V246,1.8718780408692832,1.046999276934201,0.24051477445024974,-0.3456907658934295,0.3456907658934295
V85,0.5348686344469672,0.25813449023861174,0.7612380363823935,-0.34361529811413777,0.34361529811413777
M4,0.7956535841712618,0.47360809833694867,0.7744036011500508,-0.3414745012643827,0.3414745012643827
V12,0.5021083360363282,0.6818510484454086,0.5271324696932506,0.3397258340984227,0.3397258340984227
V76,0.5248134933506325,0.7151120751988431,0.5854940630354355,0.3274593737715986,0.3274593737715986
V54,0.602011028219267,0.794649313087491,0.5903716145026402,0.3247211676672207,0.3247211676672207
V285,1.0204346415828738,1.7288503253796095,2.6120779902081925,0.3229521032591555,0.3229521032591555
V201,2.2611093091144987,1.0860448300795373,0.4633926557636917,-0.3206461785512971,0.3206461785512971
V287,0.42296464482646773,0.7006507592190889,1.0807048051026027,0.3194748241806746,0.3194748241806746
V243,1.6834252351605579,1.027476500361533,0.33700379504863043,-0.31802988032673424,0.31802988032673424
V64,0.45507622445669804,0.2313810556760665,0.6931325639574849,-0.316812766821526,0.316812766821526
V75,0.4901070385987674,0.6587129428778019,0.5399472752830751,0.3147406800735236,0.3147406800735236
V242,1.5601686668829062,1.0108459869848156,0.11037795283126632,-0.3140823512484806,0.3140823512484806
V244,1.5977943561466104,1.0151843817787418,0.14406022614636507,-0.3110972346189684,0.3110972346189684
V217,1.4453454427505676,0.44613159797541574,2.118715582442118,-0.30971389442991726,0.30971389442991726
V10,0.07914369120986052,0.16702819956616052,0.39572286884794167,0.30814920973752075,0.30814920973752075
V199,2.0544923775543302,1.076644974692697,0.3706641599236901,-0.30361549286242145,0.30361549286242145
V11,0.08855011352578657,0.18727404193781635,0.4568944618880642,0.3022426792178981,0.3022426792178981
DeviceType,0.30197859228024654,0.16341287057122197,0.3698756892621713,-0.30176086339983504,0.30176086339983504
V86,1.5335711968861498,1.1663051337671728,0.48100670724234224,-0.2987018600194632,0.2987018600194632
V53,0.5556276354200455,0.7165582067968185,0.5399327402666306,0.295968618303462,0.295968618303462
V219,1.7732727862471618,0.6261749819233551,2.8503094083518214,-0.29504390096562877,0.29504390096562877
V90,0.08400908206292572,0.17281272595806219,0.40768464737440435,0.29293316752755055,0.29293316752755055
V228,2.0557898151151477,1.232827187274042,1.367661880744577,-0.2909588427710491,0.2909588427710491
V69,0.08141420694129095,0.16702819956616052,0.39572286884794167,0.29002559984430526,0.29002559984430526
V230,2.318196561790464,1.3355025307302966,1.8910878701592992,-0.2893407786830575,0.2893407786830575
V91,0.09146934803762569,0.18944323933477947,0.4630843172391574,0.2890007277069796,0.2890007277069796
id_31,58.07784625364904,52.348517715112074,16.807370688213684,-0.2887731626503372,0.2887731626503372
V70,0.08757703535517353,0.18076644974692696,0.442666884621411,0.28637710627166396,0.28637710627166396
V30,0.08984755108660396,0.18655097613882862,0.46581382975546015,0.28448850953174093,0.28448850953174093
V200,2.0012974375608175,1.0751988430947217,0.4534633729651681,-0.28344945581857434,0.28344945581857434
V190,1.925072980862796,1.0477223427331888,0.25639480537363246,-0.2813415553298565,0.2813415553298565
V189,1.7171586117418098,0.9862617498192335,0.17585633617916627,-0.28068983049542845,0.28068983049542845
V87,1.7547843010055142,1.203181489515546,0.5117335265586449,-0.280098825491551,0.280098825491551
M5,0.16607200778462536,0.26970354302241506,0.44396628538232374,0.2784254900688792,0.2784254900688792
V45,1.7580278949075576,1.1973969631236443,0.48502213913040276,-0.27758757065326084,0.27758757065326084
V29,0.07719753486863444,0.15835140997830802,0.3938024227981601,0.27747933605879427,0.27747933605879427
M6,0.1670450859552384,0.26898047722342733,0.44359019306904984,0.27322909874290036,0.27322909874290036
M3,0.8777165098929613,0.7903109182935647,0.4072339420753682,-0.26675202499675477,0.26675202499675477
V186,1.5637366201751541,1.0122921185827911,0.14926504458203083,-0.2664370095556604,0.2664370095556604
V48,0.051897502432695426,0.11424439624005785,0.33806868837041265,0.2657020005970305,0.2657020005970305
V229,2.6211482322413233,1.408532176428055,2.1972518225878255,-0.26544117907200854,0.26544117907200854
V49,0.056438533895556274,0.12436731742588576,0.3733224139383169,0.2626317381738893,0.2626317381738893
V218,2.168342523516056,0.8141720896601591,3.332213753652498,-0.26247846599618696,0.26247846599618696
V211,48.38042945982456,14.623481196764148,78.20120023711237,-0.26188610359342857,0.26188610359342857
V265,100.29611418837275,27.80236692645803,113.32162442064475,-0.2611614282098082,0.2611614282098082
V231,1.0418423613363608,0.34345625451916123,2.0446991716826557,-0.2597515758364832,0.2597515758364832
V99,0.7758676613687966,1.2964569775849601,2.45339373904338,0.2590148834588979,0.2590148834588979
V188,1.6055789815115147,0.9840925524222705,0.17360157853659608,-0.2588938838242642,0.2588938838242642
V44,1.4761595848199804,1.140997830802603,0.43995906844337934,-0.2576580465979921,0.2576580465979921
V274,73.94384976837722,21.715500093075303,105.92300484764537,-0.25673250274727705,0.25673250274727705
V264,114.00359683349231,37.878573994315886,147.34041453387061,-0.255737802226636,0.255737802226636
V275,65.87252942981405,18.681923826966525,92.8820609410895,-0.2553413701769761,0.2553413701769761
V202,78.5410404822442,24.626203855913097,116.15858082756276,-0.2552986120713622,0.2552986120713622
V167,1.4826467726240675,0.4692697035430224,2.1664532096716305,-0.250153929791274,0.250153929791274
C7,2.778138177100227,0.23355025307302965,0.649815329581899,-0.24938193741455622,0.24938193741455622
V100,0.30230295167045085,0.48879248011569054,0.9401697522932772,0.247468697271286,0.247468697271286
V233,1.2873824197210508,0.45480838756326825,2.63656322644645,-0.24713435920691454,0.24713435920691454
V273,54.66810160768987,14.609281242023062,77.21116547478807,-0.24670680932043196,0.24670680932043196
V280,1.437236457995459,2.2212581344902387,4.242495290345126,0.24644417794112056,0.24644417794112056
V263,85.58784885906067,21.236437720487018,96.05364645169186,-0.24618545763637598,0.24618545763637598
card6,1.5705481673694452,1.6919739696312364,0.4618443732272789,0.2452658873402828,0.2452658873402828
V232,1.5034057735971456,0.4837310195227766,2.66365688099942,-0.2438037836152179,0.2438037836152179
D15,77.6493674991891,113.64063629790311,177.81535325320348,0.24107136054900602,0.24107136054900602
D10,43.992864093415506,71.46637744034707,140.56388967811276,0.23947426408865152,0.23947426408865152
id_01,-12.107362958157639,-8.007953723788864,11.681584469087289,0.23538829842098188,0.23538829842098188
M9,0.9192345118391178,0.8553868402024585,0.3518376073000593,-0.23428719203145143,0.23428719203145143
V289,0.3159260460590334,0.4924078091106291,0.9600071913908699,0.2310396532175286,0.2310396532175286
V176,2.119688614985404,1.2588575560375994,1.4150649540298146,-0.23082543759331212,0.23082543759331212
V170,2.4459941615309764,1.507592190889371,2.2109565155053628,-0.2284878114401714,0.2284878114401714
V194,1.108660395718456,0.9783080260303688,0.15534202211790907,-0.22763857890138825,0.22763857890138825
V184,0.32533246837495944,0.06146059291395517,0.3157421249014373,-0.22721422769364885,0.22721422769364885
V213,65.99652644329709,28.411578971410435,133.94405552076384,-0.22550954461848838,0.22550954461848838
M2,0.9205319493999351,0.8597252349963846,0.34739749353749666,-0.2247839918594658,0.2247839918594658
V310,127.84657689135375,205.009308910163,417.0400409021943,0.22342589811046334,0.22342589811046334
C12,5.377554330197859,0.4924078091106291,0.7105114655574615,-0.22328893604566386,0.22328893604566386
id_02,176274.47469996757,144713.40925524224,90589.09452417605,-0.2194078619189269,0.2194078619189269
V288,0.23321440155692508,0.33694866232827186,0.5775477898889947,0.2073583662334945,0.2073583662334945
C9,2.4599416153097633,4.872017353579175,17.025611656998493,0.20463598092778032,0.20463598092778032
V177,1.092766785598443,0.3600867678958785,2.086181672866817,-0.20276031677611836,0.20276031677611836
D12,19.982484592928966,5.793926247288503,40.20157484603865,-0.20177644556832042,0.20177644556832042
V130,103.71414192241777,171.21707132909063,422.0625373889273,0.19998849922533113,0.19998849922533113
D1,39.09471294193967,59.60375994215474,125.15197378215399,0.19821503658599918,0.19821503658599918
V204,108.88585829990002,50.00108981632445,289.19993128240355,-0.19794398529189752,0.19794398529189752
V82,0.9805384365877392,0.8799710773680405,0.42877268968926663,-0.19582714179905808,0.19582714179905808
V259,1.6380149205319494,1.031814895155459,1.3901139852203939,-0.19409893573244164,0.19409893573244164
V284,0.1271488809601038,0.2017353579175705,0.4847275594638303,0.1917829561783091,0.1917829561783091
V237,0.372688939344794,0.08170643528561099,0.40951700470651514,-0.18997244303045624,0.18997244303045624
V168,2.0217320791436912,1.0260303687635575,4.790930205452789,-0.18896478877192838,0.18896478877192838
V83,1.0314628608498215,0.9240780911062907,0.4744012904134976,-0.18852557633770495,0.18852557633770495
V236,0.41485566007135904,0.1193058568329718,0.5599478821252006,-0.18825351343332972,0.18825351343332972
V123,1.1754784301005514,1.0578452639190166,0.26269831442951636,-0.18742388031491403,0.18742388031491403
V171,3.020434641582874,1.9906001446131598,4.9929673988164565,-0.18681709579763267,0.18681709579763267
V197,1.0960103795004865,0.9790310918293564,0.15775170928467575,-0.18626589818086467,0.18626589818086467
D14,24.837171586117417,6.7780187997107735,47.26166386232954,-0.18554757494341298,0.18554757494341298
V235,0.3454427505676289,0.06652205350686913,0.3204103409648747,-0.18529889117172352,0.18529889117172352
V3,1.0677911125527084,1.1243673174258857,0.3940667237671432,0.1848109641004598,0.1848109641004598
V248,1.21342847875446,1.0130151843817787,0.1516091370908804,-0.1838192327999499,0.1838192327999499
V239,0.3457671099578333,0.07447577729573392,0.39288995205694416,-0.18182160161305022,0.18182160161305022
V23,1.182614336685047,1.0701373825018077,0.28492855109844606,-0.18024166942200517,0.18024166942200517
V279,0.6454751865066494,0.9096167751265365,1.9103840880530447,0.17985552629751933,0.17985552629751933
M8,0.09601037950048653,0.14895155459146783,0.35616950280455595,0.17967279195774682,0.17967279195774682
V96,1.79403178722024,2.549530007230658,4.5843404563848456,0.17888999992252919,0.17888999992252919
id_15,0.239701589361012,0.14316702819956617,0.4198863884106816,-0.17845530164487755,0.17845530164487755
V294,1.4411287706779112,2.1923355025307303,5.404267405603092,0.1779906833049527,0.1779906833049527
V195,1.173207914369121,0.9804772234273319,0.157937330791987,-0.1770158786902534,0.1770158786902534
V249,1.1933181965617905,1.005061460592914,0.08053982923070155,-0.17504525067655483,0.17504525067655483
V185,0.4281543950697373,0.07230657989877079,0.341073199839015,-0.17453875820442988,0.17453875820442988
V307,323.2335335213837,460.7912144329957,863.6576537191412,0.171355036412167,0.171355036412167
V238,0.3159260460590334,0.06290672451193059,0.37032382568026917,-0.17099097890371395,0.17099097890371395
V221,2.0035679532922477,1.346348517715112,2.3743532991136576,-0.16944617395492353,0.16944617395492353
id_37,0.8945831981835874,0.9464931308749096,0.22512336493361318,0.16901090758071755,0.16901090758071755
V181,0.33506325008108984,0.06218365871294288,0.31214236305308496,-0.168439206170366,0.168439206170366
V187,1.8738241972105092,1.2415039768618945,4.14876558906051,-0.16823237870855326,0.16823237870855326
V47,1.1459617255919559,1.0650759219088937,0.2496642709949351,-0.16777835243759556,0.16777835243759556
V295,0.8874472915990917,1.351409978308026,3.8410169931460825,0.16675653503511167,0.16675653503511167
V191,1.1660720077846254,1.007230657989877,0.12596284287793325,-0.16573421123245388,0.16573421123245388
V125,1.1946156341226077,1.086767895878525,0.328998669929194,-0.16559653792012557,0.16559653792012557
V61,0.9575089198832306,0.8922631959508315,0.434532548376036,-0.16474032738368322,0.16474032738368322
V214,27.00941846744217,5.68445944355091,43.951036462198175,-0.1645544854716453,0.1645544854716453
V291,1.7288355497891663,2.1055676066522055,3.23898412829984,0.1644254134209329,0.1644254134209329
V222,2.231916963996108,1.5083152566883586,3.3577840504973366,-0.16301379020556153,0.16301379020556153
V247,1.1748297113201427,1.002169197396963,0.04654093018200541,-0.16177386293364865,0.16177386293364865
V158,1.2182938696075252,0.9660159074475777,0.31531431456276804,-0.16023096362734685,0.16023096362734685
V149,1.1689912422964646,0.9515545914678236,0.24909991025337094,-0.1599291581809607,0.1599291581809607
D9,0.6126062136519238,0.6478663221357184,0.1392722752263739,0.1578939436239656,0.1578939436239656
V183,0.41420694129095037,0.09327548806941431,0.576284484914854,-0.1574298064617353,0.1574298064617353
V278,30.445370473685376,5.687584334323136,36.31923603492738,-0.1566594104192043,0.1566594104192043
V46,1.0752513785274083,1.024584237165582,0.1549103095538079,-0.15662092959818483,0.15662092959818483
V156,1.1939669153421992,0.9515545914678236,0.24909991025337094,-0.15635806855956025,0.15635806855956025
V314,74.8937497322257,112.30679306601237,274.8677384942704,0.15590416655048733,0.15590416655048733
V7,1.0499513460914693,1.0882140274765004,0.3241797939708866,0.15562399433699373,0.15562399433699373
V140,1.3055465455724944,1.032537960954447,0.5535935698999976,-0.15536793984661557,0.15536793984661557
id_29,0.15439506973726888,0.09833694866232827,0.2978774101983177,-0.15511993883904232,0.15511993883904232
id_28,0.15407071034706454,0.09833694866232827,0.2978774101983177,-0.15435504811137155,0.15435504811137155
V127,246.2079526376616,350.77783288079934,789.7864735405728,0.15368084965288414,0.15368084965288414
V154,1.1407719753486862,0.9508315256688359,0.23856866924656883,-0.15346917207073657,0.15346917207073657
V276,28.618126003996643,4.807613256955095,31.166094417364892,-0.1530485370711574,0.1530485370711574
C5,2.133960428154395,4.551699204627621,22.96795183532993,0.15290510692977308,0.15290510692977308
card5,194.11709373986378,200.941431670282,41.59755030049705,0.15241136996501817,0.15241136996501817
V277,32.9712252599869,8.482966836086668,48.150259128885644,-0.15234954956959115,0.15234954956959115
V98,0.09049626986701265,0.14244396240057844,0.4278125116883342,0.15204818743416104,0.15204818743416104
V262,1.1141745053519299,1.0,0.2821254865466599,-0.1518745466568615,0.1518745466568615
V24,1.2007784625364903,1.1055676066522053,0.3408798624569046,-0.14981913263545635,0.14981913263545635
D6,23.14239377229971,11.642805495300072,61.60697487338341,-0.14928392680133928,0.14928392680133928
V179,1.5063250081089847,0.8054953000723066,4.448668334848902,-0.14876214469238438,0.14876214469238438
V77,1.5394096659098282,1.324656543745481,1.323621859778415,-0.14861035695322652,0.14861035695322652
V198,1.172234836198508,0.9797541576283442,0.1555372473749599,-0.1464271124350629,0.1464271124350629
V157,1.1819656179046383,0.96529284164859,0.31408569488770327,-0.14616142860578915,0.14616142860578915
V216,36.35520387012928,11.301086202360803,125.82617508383701,-0.14610746839355945,0.14610746839355945
V281,0.2653259811871554,0.4389009399855387,1.6596398946473447,0.14575209491874128,0.14575209491874128
V147,0.2789490755757379,0.04266088214027477,0.28529189859687565,-0.1453037320984652,0.1453037320984652
V148,1.1339604281543951,0.9515545914678236,0.24909991025337094,-0.1449044423785522,0.1449044423785522
V245,1.3467401881284464,0.9631236442516269,1.2620244532460738,-0.14283055019867397,0.14283055019867397
V296,0.2361336360687642,0.3897324656543745,1.5109188224858523,0.14255363878668745,0.14255363878668745
V139,1.2533246837495946,1.0289226319595084,0.529070324840047,-0.14220000377987413,0.14220000377987413
V254,1.204022056438534,1.0115690527838033,0.2549295398744948,-0.142081447641861,0.142081447641861
V62,1.012974375608174,0.9457700650759219,0.4995893790609901,-0.14188069708066423,0.14188069708066423
V155,1.1586117418099253,0.9515545914678236,0.24909991025337094,-0.14186480624110792,0.14186480624110792
C8,9.735971456373662,2.5755603759942156,33.28413238831336,-0.1416208990867219,0.1416208990867219
V178,1.7077521894258838,0.970354302241504,5.07810091660668,-0.14097877063320519,0.14097877063320519
V193,1.2140771975348685,1.046999276934201,0.7860694904707665,-0.14049356689173145,0.14049356689173145
V153,1.116120661693156,0.9508315256688359,0.23856866924656883,-0.14035296218114482,0.14035296218114482
V2,1.031787220240026,1.0600144613159797,0.2690213809507787,0.14022642662473894,0.14022642662473894
V298,0.18488485241647745,0.279826464208243,0.8785542484946809,0.13857865449800846,0.13857865449800846
D11,65.28219266947778,79.69558929862617,132.21792967836558,0.13827738502309816,0.13827738502309816
V196,1.1618553357119688,1.007230657989877,0.12596284287793325,-0.13791204236568833,0.13791204236568833
V6,1.0304897826792085,1.057122198120029,0.26695385481297385,0.13779236429531763,0.13779236429531763
dist1,45.807006162828415,75.12219812002893,286.274794297137,0.1376920866881753,0.1376920866881753
V146,0.25202724618877714,0.04266088214027477,0.28529189859687565,-0.13738914320853496,0.13738914320853496
DeviceInfo,1441.6331495296788,1494.4519161243672,330.4241918575348,0.13726134159105657,0.13726134159105657
V252,1.1783976646123906,1.002892263195951,0.05372136229133798,-0.1363284216600926,0.1363284216600926
V260,1.0434641582873825,0.9833694866232827,0.2415241913684046,-0.1350593929200469,0.1350593929200469
V261,1.262082387285112,1.0462762111352133,0.5532683592457717,-0.13477369943607906,0.13477369943607906
V97,0.9403178722024003,1.18293564714389,2.0526212956279255,0.13316175120962925,0.13316175120962925
V37,1.4855660071359065,1.2986261749819235,1.313314701935037,-0.13246492986629324,0.13246492986629324
V131,50.297800800918644,75.5665075201447,229.36812673367547,0.13148611517052322,0.13148611517052322
V292,1.5076224456698022,1.7678958785249457,2.8384498960867983,0.1310510829798687,0.1310510829798687
V145,0.38663639312358095,0.13087490961677511,0.9576078347077188,-0.12928777776060735,0.12928777776060735
V111,1.0376256892637041,1.0093998553868402,0.09653100954181959,-0.1289637984952072,0.1289637984952072
V19,0.9195588712293221,0.8770788141720897,0.3945205359203086,-0.12864682460626253,0.12864682460626253
id_13,49.245215698994485,50.73969631236442,9.099477993983461,0.12864101319001672,0.12864101319001672
id_06,-4.226727213752838,-2.6319595083152567,11.144092014302945,0.12657504857840618,0.12657504857840618
V182,0.48297113201427183,0.18944323933477947,1.7279447214582846,-0.1260983288159033,0.1260983288159033
P_emaildomain,20.26337982484593,21.88358640636298,15.250353069657823,0.12564046882259838,0.12564046882259838
V144,0.23451183911774245,0.0650759219088937,0.37864787913510933,-0.12534636911048638,0.12534636911048638
V113,1.0382744080441129,1.0108459869848156,0.10361522314952998,-0.12454328652117799,0.12454328652117799
V312,66.43344444282017,93.88946956805535,240.69691562751737,0.12421076770274596,0.12421076770274596
V124,1.2251054168018165,1.1417208966015908,0.42209482431501405,-0.12346491426729524,0.12346491426729524
V283,1.8566331495296788,2.238611713665944,4.349697507197184,0.12339689541179723,0.12339689541179723
V253,1.2559195588712293,1.0361532899493855,0.7703779287083095,-0.1227369017428959,0.1227369017428959
V293,0.43561466104443725,0.5979754157628344,1.7632020788980736,0.12265965103127568,0.12265965103127568
id_32,24.526759649691858,24.289226319595084,1.4939117815707028,-0.11969978961922018,0.11969978961922018
id_16,0.12974375608173858,0.08966015907447578,0.2857976122409659,-0.11926950991647643,0.11926950991647643
V151,1.2046707752189425,1.039768618944324,0.5583290698026845,-0.11886321455654984,0.11886321455654984
V105,0.17645150827116446,0.25379609544468545,0.8290656827383699,0.11854346230142665,0.11854346230142665
V180,0.4949724294518326,0.2118582791033984,2.00883099618101,-0.1166947202600948,0.1166947202600948
V226,0.21537463509568602,0.05567606652205351,0.3535154676587039,-0.11642362412059423,0.11642362412059423
M7,0.04703211157963023,0.07158351409978309,0.2578902941911618,0.11594966262582569,0.11594966262582569
V112,1.0395718456049303,1.0137382501807664,0.11644447148588752,-0.11588070977467149,0.11588070977467149
V192,1.2400259487512164,1.0795372378886479,1.356564919911174,-0.11446758546990585,0.11446758546990585
V326,0.12617580278949075,0.2306579898770788,1.2752287900140749,0.11138336297590054,0.11138336297590054
V114,1.0632500810898475,1.0303687635574836,0.1758265819640777,-0.11054773485872886,0.11054773485872886
card2,365.40058384690235,382.5184381778742,156.51077666604814,0.10809562553927812,0.10809562553927812
C10,7.091144988647422,2.3969631236442517,30.3914531558481,-0.10704251291724602,0.10704251291724602
id_19,332.8125202724619,342.7346348517715,67.86176898352649,0.10689616097361682,0.10689616097361682
V56,1.430749270191372,1.6587129428778018,3.095081821642457,0.10633075085183777,0.10633075085183777
V108,1.036328251702887,1.0137382501807664,0.11644447148588752,-0.10526732457727421,0.10526732457727421
R_emaildomain,17.44404800518975,16.697758496023138,5.583834368963031,-0.10485052318144063,0.10485052318144063
id_34,2.968212779759974,2.987707881417209,0.11660611269015665,0.10468482717272788,0.10468482717272788
C2,29.049626986701266,13.875632682574114,97.82936727000559,-0.10425552856673906,0.10425552856673906
D4,60.2912747324035,73.14389009399855,141.72480101510914,0.10325781904180227,0.10325781904180227
V335,7.739215050275705,14.490238611713666,91.97863441198311,0.10320147290380105,0.10320147290380105
V315,58.028783137714015,80.00653267665264,235.6090524585504,0.10277624660581326,0.10277624660581326
V323,0.2990593577684074,0.45770065075921906,2.0987342833112606,0.10196599574258851,0.10196599574258851
V8,1.0207590009730783,1.0375994215473607,0.2186076683192996,0.10160166356238286,0.10160166356238286
V164,14.829711320142717,6.272595806218366,57.09254573176698,-0.09874236551455358,0.09874236551455358
V20,0.9493999351281219,0.9125090383224873,0.4472245925776422,-0.09807070675168848,0.09807070675168848
V306,96.23415778489844,128.37902259033655,403.8457324072218,0.09748280771459754,0.09748280771459754
V320,30.90506368668637,44.891238075361166,172.4974369812245,0.09707417492015576,0.09707417492015576
V136,28.19609395830499,41.319038308364966,172.37103266347793,0.09377261045760502,0.09377261045760502
V67,1.0950373013298735,1.0578452639190166,0.3011944130416837,-0.09278891796332678,0.09278891796332678
V66,1.0512487836522868,1.0209689081706435,0.23816699571080935,-0.09255022358701348,0.09255022358701348
V299,0.12552708400908205,0.16775126536514823,0.5195746524010939,0.09205534572648971,0.09205534572648971
V212,77.69811400553641,49.72649569797585,404.03005075356003,-0.09177418026677198,0.09177418026677198
id_26,149.35679532922478,149.01518438177874,1.888092232346084,-0.08987596613465224,0.08987596613465224
V55,1.2169964320467077,1.2928416485900216,1.1144359713509722,0.0892079477883601,0.0892079477883601
V129,16.008092759609067,24.805567597274063,125.12429463190651,0.08873872976647831,0.08873872976647831
V309,19.640394091335473,28.830967300453654,123.78230749854183,0.08734765641954087,0.08734765641954087
V308,210.41107207577298,268.54278085512783,697.1260552008321,0.08645638195558002,0.08645638195558002
V290,1.2581900746026597,1.339117859725235,1.2344411497071663,0.08645566044903691,0.08645566044903691
C1,23.39474537787869,12.537960954446854,89.43391579561315,-0.08627680355140166,0.08627680355140166
V78,1.93804735647097,1.6738973246565438,3.2879123104752797,-0.08532912039409088,0.08532912039409088
V9,1.0369769704832954,1.0549530007230659,0.25208762509738747,0.08322501499737264,0.08322501499737264
C13,18.6642880311385,26.01301518438178,94.98752970833416,0.08278884080960935,0.08278884080960935
id_11,99.89610121755139,99.9532104128095,0.4823326970466826,0.08239136522141118,0.08239136522141118
D5,11.13947453778787,14.105567606652205,44.325795111311294,0.08191844636194245,0.08191844636194245
V317,164.36527623830196,210.7753172693094,539.0069405150805,0.08150359549769452,0.08150359549769452
id_24,11.058709049626987,11.002892263195951,0.10755953134800895,-0.0811421928022216,0.0811421928022216
V116,1.0723321440155693,1.046999276934201,0.22173021605430412,-0.08054588630994762,0.08054588630994762
V325,0.010055141096334739,0.018799710773680405,0.15100054034243682,0.08014769207181657,0.08014769207181657
TransactionAmt,152.321933506325,172.67111135213304,284.9204739929541,0.08008918447831241,0.08008918447831241
V110,1.0418423613363608,1.0238611713665944,0.15267177070235974,-0.07951579807793732,0.07951579807793732
V297,0.08141420694129095,0.10845986984815618,0.3987417071281311,0.07951417763137081,0.07951417763137081
id_10,-0.07460265974699967,-0.0072306579898770785,0.19007138087153438,0.07950979351798809,0.07950979351798809
V38,1.9059357768407394,1.6724511930585684,3.2851263712821517,-0.07812630495958453,0.07812630495958453
V128,159.5059157865526,202.8586863657744,635.115272857384,0.07768134274071486,0.07768134274071486
V319,15.456158370736587,23.198912912232238,135.06823618969216,0.0743596296563288,0.0743596296563288
V313,45.76734944941199,58.55027812439207,178.98108262192108,0.07391115193392353,0.07391115193392353
id_04,-0.06389879987025625,-0.0072306579898770785,0.19007138087153438,0.07305537640616776,0.07305537640616776
V4,0.9500486539085307,0.9269703543022415,0.39864459740407204,-0.07226745442378632,0.07226745442378632
V119,1.0051897502432696,1.0,0.0,-0.07221587174782114,0.07221587174782114
V118,1.0051897502432696,1.0,0.0,-0.07221587174782114,0.07221587174782114
V117,1.0051897502432696,1.0,0.0,-0.07221587174782114,0.07221587174782114
C4,10.52319169639961,4.189443239334779,63.00491772017232,-0.07122063478298882,0.07122063478298882
V327,0.03211157963023029,0.052060737527114966,0.3611483001709791,0.07063686812866864,0.07063686812866864
id_23,1.9828089523191696,1.9956616052060738,0.09308186036401084,0.07061872755780872,0.07061872755780872
V137,22.400261977953914,31.226702802524304,155.92682940617445,0.07023657946856633,0.07023657946856633
V321,24.78023654208955,33.889037065374964,154.06489906551465,0.0693712810663267,0.0693712810663267
card1,9748.34965942264,10076.0007230658,4797.411943463025,0.0693276523449644,0.0693276523449644
V234,0.7547843010055141,0.45770065075921906,4.095572729507326,-0.06927153304946496,0.06927153304946496
V135,15.66983706913248,22.769038307261656,141.1440114817419,0.06731457838748353,0.06731457838748353
C11,16.307817061303925,9.741865509761388,71.30234054359595,-0.06645339825943078,0.06645339825943078
V126,83.01137477300634,103.5749336761232,386.159606241424,0.06528341326055546,0.06528341326055546
V251,0.9896204995134609,0.9175704989154013,0.3074132740129014,-0.06387264511788641,0.06387264511788641
V101,0.32825170288679856,0.2754880694143167,0.7655947649409742,-0.06314647676547644,0.06314647676547644
V143,0.08498216023353876,0.05639913232104121,0.35442302195848036,-0.06313311140087889,0.06313311140087889
V286,0.02270515731430425,0.03181489515545915,0.17557048756024368,0.061144918828144455,0.061144918828144455
V316,61.02098859520342,76.23379215052915,299.98805049489124,0.06096354593660972,0.06096354593660972
V102,0.8400908206292572,0.9963846710050615,2.516369263761336,0.060802985802634456,0.060802985802634456
id_09,0.06487187804086929,0.02024584237165582,0.27881431352796554,-0.06067831157015857,0.06067831157015857
id_03,0.04865390853065196,0.007953723788864787,0.15894120785075008,-0.06037259404766396,0.06037259404766396
V324,0.1719104768083036,0.21836587129428778,0.9380420794088979,0.05965692939587507,0.05965692939587507
id_20,452.9620499513461,459.6767895878525,84.51646122360454,0.05944625353129999,0.05944625353129999
id_05,0.4557249432371067,0.23716558206796817,3.284420277961969,-0.0593505967688327,0.0593505967688327
V106,0.1216347713266299,0.1467823571945047,0.4790873963588131,0.05770203032859664,0.05770203032859664
V336,2.2961401232565684,3.7809110629067244,34.88518086154128,0.057701002779142176,0.057701002779142176
V152,1.5154070710347065,1.2740419378163412,3.7962905675795153,-0.05587714424463032,0.05587714424463032
V207,5.482130337720408,8.405487286725599,76.43799460306894,0.05495432951569986,0.05495432951569986
V133,114.06414970808744,137.74639166599584,447.3561924877554,0.05494891787880086,0.05494891787880086
V332,27.715212455400582,36.31308749096168,201.83882150065457,0.05463434248094435,0.05463434248094435
V223,0.0447615958481998,0.033261026753434564,0.17938226685581662,-0.05438447709295863,0.05438447709295863
V256,1.049626986701265,0.9443239334779465,0.9227440291472595,-0.054209886056717234,0.054209886056717234
V334,1.2179695102173207,2.353579175704989,30.498915780865175,0.05412666187083471,0.05412666187083471
V215,44.91687941481609,28.292263283388216,403.86859935023847,-0.05340668611202682,0.05340668611202682
card4,2.629257216996432,2.6594360086767894,0.5581875518532915,0.05289511046045913,0.05289511046045913
V282,1.3490107038598766,1.4273318872017353,1.946544464094611,0.05243399588310875,0.05243399588310875
V121,1.009406422315926,1.0144613159797542,0.11942570512731132,0.05235782393062941,0.05235782393062941
V138,0.03957184560493026,0.01373825018076645,0.2130662596548395,-0.05232767124028374,0.05232767124028374
V255,1.0441128770677912,0.9443239334779465,0.9227440291472595,-0.0514363017517185,0.0514363017517185
V250,0.9734025300032436,0.9175704989154013,0.3074132740129014,-0.04982581573910222,0.04982581573910222
C6,13.284787544599416,9.323933477946493,67.53610214156599,-0.04294533365725595,0.04294533365725595
V206,0.9958889092325661,1.665429793142014,22.80559967255503,0.042901500405513535,0.042901500405513535
V318,119.08077436695228,140.64892399319686,464.9532067759819,0.04222504569179996,0.04222504569179996
id_22,14.064223159260461,14.013738250180767,0.5109077739030427,-0.04175580090543725,0.04175580090543725
V122,1.0061628284138826,1.0093998553868402,0.09653100954181959,0.04135501825151789,0.04135501825151789
V311,2.730015743563711,3.853343917421905,32.48814863178673,0.04133468698482403,0.04133468698482403
V166,40.02757054816737,25.77368040491685,408.92721901341844,-0.041114514843893786,0.041114514843893786
V203,138.1006843937785,105.38089095554918,1152.9541412743988,-0.04060975257590585,0.04060975257590585
V150,1.8747972753811222,1.5328994938539406,7.474909941571806,-0.040558783347745694,0.040558783347745694
V272,5.384373986407839,4.023044543600737,30.170960204730648,-0.039889311755786805,0.039889311755786805
V227,0.2221861822899773,0.11569052783803326,1.6480241899002332,-0.039752770268279676,0.039752770268279676
V271,5.983787413042473,4.320897759687875,33.91382873784567,-0.0393509663687914,0.0393509663687914
V329,0.08498216023353876,0.1019522776572668,0.481664330616332,0.03821590571787749,0.03821590571787749
V26,1.0136230943885824,1.0202458423716558,0.2108372058283368,0.03615229229953992,0.03615229229953992
V205,2.488426157146779,3.303004788214628,29.664020411370565,0.03614619091058304,0.03614619091058304
V270,4.457277213370997,3.410246278958655,26.412757798689945,-0.03573955198712938,0.03573955198712938
V141,0.006487187804086928,0.009399855386840203,0.10375651211397394,0.034576442191897844,0.034576442191897844
V142,0.006487187804086928,0.009399855386840203,0.10375651211397394,0.034576442191897844,0.034576442191897844
D8,41.38862311100074,43.669679445885954,64.93821530107418,0.033276686696679325,0.033276686696679325
V322,0.1132014271813169,0.1301518438177874,0.58476352915599,0.0322861952350967,0.0322861952350967
V115,1.0875770353551735,1.076644974692697,0.28956231340567057,-0.031970803833214975,0.031970803833214975
D7,3.8349010703859876,2.937816341287057,29.147668500581496,-0.03139071358528887,0.03139071358528887
V240,1.000973078170613,1.0,0.0,-0.031204327256886752,0.031204327256886752
V241,1.000973078170613,1.0,0.0,-0.031204327256886752,0.031204327256886752
V109,1.052546221213104,1.0448300795372378,0.21388240657265525,-0.030956102922265114,0.030956102922265114
id_12,0.934479403178722,0.9269703543022415,0.26027927473602325,-0.030341754973079275,0.030341754973079275
id_38,0.09244242620823873,0.08387563268257411,0.2773014819167808,-0.029571618464753098,0.029571618464753098
V25,0.9980538436587739,0.9942154736080984,0.13165352664219135,-0.029001017821531024,0.029001017821531024
V104,0.09049626986701265,0.1005061460592914,0.36787578687847966,0.02814823076345969,0.02814823076345969
D3,9.67693804735647,8.942877801879971,27.41066910900109,-0.02743658704550233,0.02743658704550233
id_21,254.91404476159585,253.7932031814895,31.906462153328054,-0.02706002065305238,0.02706002065305238
V266,2.0605221337557533,1.6719637787695476,14.303338098685506,-0.02675559958197974,0.02675559958197974
V208,4.021685806915353,3.4185797545846097,21.81929930612885,-0.02665014786861786,0.02665014786861786
id_33,128.40058384690238,129.07230657989876,19.41475056036726,0.026549424845754857,0.026549424845754857
V163,0.21407719753486865,0.28922631959508316,3.2036869895761395,0.02635487019913583,0.02635487019913583
V161,0.21407719753486865,0.28922631959508316,3.2036869895761395,0.02635487019913583,0.02635487019913583
V301,0.10379500486539085,0.11352133044107014,0.3853101736254075,0.024625745960528436,0.024625745960528436
C3,0.0012974375608173856,0.0021691973969631237,0.04654093018200542,0.02421391958068978,0.02421391958068978
id_30,42.21991566655855,42.02024584237166,6.372507493011703,-0.023865501494849756,0.023865501494849756
V103,0.5147583522542978,0.544468546637744,1.3912625798614904,0.02270733600608173,0.02270733600608173
V268,3.7319578790370804,3.285279323808197,20.827317950030686,-0.022337472702833497,0.022337472702833497
V120,1.0016217969510217,1.0007230657989876,0.026889882837002246,-0.02233127733791327,0.02233127733791327
V134,86.57428593037,95.57014435818466,416.7640239446201,0.02220890151479057,0.02220890151479057
V225,0.09892961401232565,0.08676789587852494,0.4545857773973961,-0.02171385760098756,0.02171385760098756
D13,2.3347388906908857,1.96529284164859,17.162506126397716,-0.02165527617604133,0.02165527617604133
id_18,14.941939669153422,14.95589298626175,0.49036259964756324,0.02120396358008346,0.02120396358008346
id_25,321.2046707752189,320.94793926247286,10.456312934927134,-0.019712621517597183,0.019712621517597183
V267,6.8072679368389375,7.454510635167726,38.85539700705522,0.01912063883620331,0.01912063883620331
V165,32.92756395961725,28.037527044355567,301.7571721086759,-0.019115705192962483,0.019115705192962483
V132,51.099877906549374,55.50499617493161,276.8173096337843,0.018883945263475196,0.018883945263475196
id_14,-299.7664612390529,-300.6073752711497,32.59506640076398,-0.018012180155201396,0.018012180155201396
V14,0.9996756406097956,1.0,0.0,0.018009980294391877,0.018009980294391877
V174,0.07719753486863444,0.08170643528561099,0.27664410885007384,0.016814177972614804,0.016814177972614804
id_08,-34.19980538436588,-34.130151843817785,4.498317153427133,0.01598741198260471,0.01598741198260471
id_07,13.850794680506,13.88647866955893,1.5285931670249964,0.015943181479935894,0.015943181479935894
V338,9.401232565682777,10.364425162689805,65.12297356354611,0.015928234331712053,0.015928234331712053
V224,0.23418747972753812,0.20462762111352134,1.3506418003881597,-0.015717633594382836,0.015717633594382836
V210,4.967596900103504,4.576678034712764,26.425631942057525,-0.01465016174472766,0.01465016174472766
TransactionDT,14523554.110930912,14512964.993492408,757961.9256481745,-0.013712551265134449,0.013712551265134449
addr1,304.62309438858256,305.6240057845264,94.94099196799465,0.012408843439254524,0.012408843439254524
V5,0.9828089523191696,0.9783080260303688,0.4495931918876071,-0.012105092725657319,0.012105092725657319
id_36,0.011028219266947779,0.012292118582791034,0.11022616528671929,0.012100334821831791,0.012100334821831791
V175,0.09698345767109957,0.1012292118582791,0.36072357571295244,0.011874681783263447,0.011874681783263447
V333,20.127148880960103,21.465654374548084,125.50620546861744,0.011849994691323074,0.011849994691323074
V162,0.3081414206941291,0.3543022415039769,4.010333243247748,0.011130691317971396,0.011130691317971396
V169,0.4002594875121635,0.4237165582067968,2.159638660497447,0.010921949589339128,0.010921949589339128
V159,9.304537772822991,7.920448286672993,126.14392337829122,-0.010671176607033048,0.010671176607033048
V95,0.5108660395718456,0.5213304410701374,1.0621500026205726,0.010087839775640718,0.010087839775640718
C14,8.623743107362959,8.046999276934201,49.11117327904545,-0.008890824800308526,0.008890824800308526
V209,5.606584898806067,5.852889169926067,32.82895189900702,0.008237516405163531,0.008237516405163531
V173,0.016217969510217322,0.015184381778741865,0.12233003206802658,-0.008181429980659368,0.008181429980659368
V160,214.8498051309601,235.82473280459146,3454.698197526407,0.0069744734008149265,0.0069744734008149265
dist2,56.72461887771651,55.951554591467826,120.99495795715922,-0.00696572040869414,0.00696572040869414
V269,0.5874148556600713,0.6579898770788142,11.866394107975765,0.0065481928362042694,0.0065481928362042694
D2,92.64709698345767,93.09110629067246,102.37485573041359,0.005365392700593461,0.005365392700593461
V339,7.9701589361012,7.673174258857556,59.48510542613075,-0.005166307639868587,0.005166307639868587
V331,16.27473240350308,15.77006507592191,110.88596925246219,-0.004831396317868634,0.004831396317868634
V172,0.03957184560493026,0.04049168474331164,0.2078984251427286,0.004601207203332432,0.004601207203332432
V337,7.176451508271165,6.952277657266811,57.90779917882147,-0.004016017847832386,0.004016017847832386
addr2,86.96659098280895,86.97396963123644,0.9680357821320809,0.0038895274492068825,0.0038895274492068825
V300,0.08790139474537788,0.08893709327548807,0.3487218106882926,0.0029071140182290386,0.0029071140182290386
V330,0.06454751865066494,0.0636297903109183,0.33640710216686304,-0.0025280434549718642,0.0025280434549718642
V328,0.05124878365228673,0.05061460592913955,0.2749252991357682,-0.002167231923640097,0.002167231923640097
V220,0.265001621796951,0.2675343456254519,1.674489855164738,0.0016382257326218324,0.0016382257326218324
M1,1.0,1.0,0.0,,
V1,1.0,1.0,0.0,,
V27,0.0,0.0,0.0,,
V28,0.0,0.0,0.0,,
V41,1.0,1.0,0.0,,
V65,1.0,1.0,0.0,,
V68,0.0,0.0,0.0,,
V88,1.0,1.0,0.0,,
V89,0.0,0.0,0.0,,
V107,1.0,1.0,0.0,,
V305,1.0,1.0,0.0,,
id_27,0.0,0.0,0.0,,
