feature,global_mean,fp_mean,fp_std,deviation,abs_deviation
V282,0.7954527494609454,1.6976503109882515,1.341002202480142,0.9281322200949635,0.9281322200949635
V74,0.142231404025694,0.4592259847961299,0.6611767851115099,0.8226343262985266,0.8226343262985266
V34,0.1332678565380838,0.4032480995162405,0.5052128770242764,0.7891454973343075,0.7891454973343075
V283,0.9921089172621669,2.3344851416724257,2.235234485523874,0.7878052362493646,0.7878052362493646
V52,0.1326695340987345,0.42605390463026954,0.6270973893293812,0.7790411888049957,0.7790411888049957
V94,0.11814045901491291,0.3631651693158258,0.4809949817849142,0.7589519808198367,0.7589519808198367
V33,0.11863717953059912,0.36351071181755357,0.48751673326699724,0.7541836698172902,0.7541836698172902
V73,0.12446235648728282,0.3866620594333103,0.5909576600113343,0.7420718921526611,0.7420718921526611
V51,0.1204660141565347,0.3700760193503801,0.5517306408572462,0.7248742281526841,0.7248742281526841
V90,0.3642203181269121,0.006219765031098825,0.07863342875662292,-0.710580365774278,0.710580365774278
ProductCD,3.361138393109132,2.4205252246026263,1.8308359239204166,-0.7068761033474307,0.7068761033474307
V69,0.356092164233865,0.006219765031098825,0.07863342875662292,-0.6967031085869578,0.6967031085869578
V29,0.35433106422370486,0.008638562543192813,0.09255753890283493,-0.6923139605834853,0.6923139605834853
V91,0.3814474887391201,0.006910850034554251,0.09454858090506196,-0.6839324299246237,0.6839324299246237
V281,0.08738894345288493,0.4550794747753974,1.0926110650238958,0.6813755418192727,0.6813755418192727
V57,0.10752870254343483,0.3310297166551486,0.5757135464847709,0.6798734634999337,0.6798734634999337
V70,0.37243878484099296,0.006910850034554251,0.09454858090506196,-0.6738588604748535,0.6738588604748535
V30,0.37252909766202685,0.009329647546648237,0.10639441571765232,-0.6680551839266751,0.6680551839266751
D15,175.2119754800691,28.902902557014514,78.40217278062269,-0.6678512259378764,0.6678512259378764
V16,0.10614014292003929,0.3130615065653075,0.4856624879614128,0.6659437337504911,0.6659437337504911
V15,0.10591436086745465,0.3099516240497581,0.47143550158639974,0.6595897136782245,0.6595897136782245
card6,1.7653560018514127,1.4913614374568072,0.5000117647894916,-0.6465513526626133,0.6465513526626133
V10,0.33308497307549023,0.016931582584657913,0.12903742715089028,-0.6422393605313823,0.6422393605313823
V50,0.11084769871642904,0.3116793365583967,0.4647495370514483,0.6357105669609878,0.6357105669609878
V11,0.34490466352829613,0.017622667588113337,0.1341991698846188,-0.6298825081681182,0.6298825081681182
V92,0.12489134238719364,0.34727021423635107,0.5589956410846426,0.627374565087597,0.627374565087597
card3,152.8040776238697,159.54526606772632,15.961927245088766,0.6239344708449543,0.6239344708449543
V79,0.12144816608527788,0.3863165169315826,0.7474112793419383,0.6234983777758096,0.6234983777758096
V42,0.10877050383265034,0.31375259156876295,0.5359888170925227,0.6217822927811841,0.6217822927811841
V48,0.2932344407943013,0.002073255010366275,0.04549364552983333,-0.6170541085339761,0.6170541085339761
id_35,0.8984996782605751,0.7125086385625432,0.4526708340016702,-0.6158811305674151,0.6158811305674151
V58,0.1171131506756528,0.364201796821009,0.69418883277647,0.6089703876185948,0.6089703876185948
id_17,171.46465946421918,182.0846579129233,26.80853661171075,0.6069115826256909,0.6069115826256909
V43,0.12283672570867342,0.36385625431928126,0.6733942799537173,0.6061171850102313,0.6061171850102313
V49,0.30464772355245484,0.0027643400138217,0.06950987684903293,-0.6000420994215367,0.6000420994215367
V40,0.12767975073661395,0.3973738769868694,0.8316708932953074,0.5861912903060146,0.5861912903060146
D10,135.79984421038372,19.55563234277816,74.16911231760574,-0.5846777285974512,0.5846777285974512
V93,0.1364513834795272,0.39046302695231516,0.748030431389978,0.574614445502771,0.574614445502771
D1,108.50339237534008,9.127159640635798,44.9205666990699,-0.5729175858188319,0.5729175858188319
V39,0.11610842054165114,0.3431237042156185,0.6673145675115278,0.5709723871298261,0.5709723871298261
M4,0.29137173886047796,0.6510020732550104,0.8942556036631116,0.5673324370280577,0.5673324370280577
V71,0.13124710716745125,0.331720801658604,0.5759159975448217,0.5616831067534893,0.5616831067534893
D2,143.41020083313578,60.556323427781614,49.04336956123177,-0.5492708650067923,0.5492708650067923
V67,1.013874307131326,1.1354526606772632,0.43319828313494685,0.5442713729274854,0.5442713729274854
V84,0.11742924554927128,0.3033863165169316,0.5103921125681422,0.5428485879551622,0.5428485879551622
V315,29.77039640402595,101.04608475115683,316.14280418841764,0.5415375270104694,0.5415375270104694
V313,24.536320568604655,82.08785565853448,213.81445453375719,0.5385108314720072,0.5385108314720072
V32,0.13508540206139014,0.3210089841050449,0.4886484155598772,0.5329686158858652,0.5329686158858652
V31,0.13417098474842235,0.3178991015894955,0.47456306483099275,0.5328196662744539,0.5328196662744539
D11,134.41594698637405,36.586040082930204,62.38450531968496,-0.5322628669310532,0.5322628669310532
V80,0.12214809044829027,0.3230822391154112,0.5586630708168083,0.5248211810157302,0.5248211810157302
V72,0.14127183030220927,0.364201796821009,0.6931922444611432,0.517814871262517,0.517814871262517
V81,0.1371851751504273,0.3756046993780235,0.7274000625118924,0.5177318865729242,0.5177318865729242
D4,125.58151296553437,26.457843814789218,77.17792112700906,-0.5124544765057092,0.5124544765057092
V17,0.13101003601223737,0.31098825155494125,0.5291733124486389,0.5035790211919541,0.5035790211919541
V288,0.2056535825967194,0.42916378714581893,0.5864522380993082,0.500255677128535,0.500255677128535
V18,0.13229699371196985,0.31340704906703526,0.536513242344098,0.49729847709224945,0.49729847709224945
DeviceType,0.0871631614003003,0.2270214236351071,0.418978942830883,0.4958183666921498,0.4958183666921498
V21,0.12697982637360156,0.28887353144436767,0.45559915907280013,0.48314717869161483,0.48314717869161483
V85,0.13995100529458912,0.3621285418106427,0.7075928357590795,0.480457254130807,0.480457254130807
V60,0.14119280658380465,0.3562543192812716,0.6960710926789442,0.4786401353135529,0.4786401353135529
V59,0.12881995010216638,0.3116793365583967,0.5672430578079307,0.47396300433022703,0.47396300433022703
V302,0.2356035718720719,0.4879060124395301,0.6654468155867037,0.4715827174515547,0.4715827174515547
V63,0.1252638827739583,0.28680027643400136,0.4833758214650083,0.4610861337181385,0.4610861337181385
C7,0.2945213984940337,1.7301313061506565,10.481531707272453,0.4565544534615587,0.4565544534615587
V22,0.12989241485194342,0.29198341395991706,0.4689730398797695,0.45295390264534124,0.45295390264534124
V64,0.141599214278457,0.33586731167933653,0.6242969009050661,0.449344609196045,0.449344609196045
V66,0.9977308903715244,1.078092605390463,0.3389411702590326,0.42369865066688084,0.42369865066688084
V304,0.2676984906469785,0.5425017277125086,0.8302674466747022,0.4178787038573377,0.4178787038573377
V289,0.253417775821,0.4961990324809952,0.7175297981162065,0.4082457423312664,0.4082457423312664
V62,0.8868041679366907,1.0881133379405667,0.650063438853017,0.40397983264297066,0.40397983264297066
V47,1.026472945665549,1.0946786454733932,0.3231253204891247,0.37547408943310623,0.37547408943310623
M6,0.34369672954696834,0.16931582584657912,0.37509544600996314,-0.36716095310774566,0.36716095310774566
id_01,-6.402253304884795,-9.142363510711817,13.730849986536814,-0.36073849676829556,0.36073849676829556
id_15,0.11343290321852316,0.24671734623358674,0.5297390962768072,0.3602932350558196,0.3602932350558196
id_28,0.08626003318996173,0.18659295093296477,0.3896517480899588,0.3573755769306016,0.3573755769306016
id_29,0.08679062101353563,0.18693849343469246,0.3899295207181562,0.3557277098891184,0.3557277098891184
V303,0.3062056197152888,0.6060815480304077,1.1736437576232583,0.3555350137968555,0.3555350137968555
V61,0.8493469254128989,0.9958534899792675,0.48906120762601385,0.3460783409476076,0.3460783409476076
V258,1.0722502568270849,1.283690393918452,1.1068229753301178,0.33387551348002525,0.33387551348002525
V83,0.8985561237737212,1.0615065653075328,0.6690666123988799,0.3310272504882053,0.3310272504882053
V292,1.2083855454329935,1.712854181064271,4.8514176953948125,0.3305484465945701,0.3305484465945701
V284,0.09835066210586921,0.21043538355217692,0.45950605869803496,0.31918312887476114,0.31918312887476114
id_31,52.02064776870886,56.38009675190048,18.05795767292875,0.30926057408573937,0.30926057408573937
C12,0.5160587484900825,2.0957152729785764,14.416241834985726,0.298951214556807,0.298951214556807
id_37,0.9569998080852553,0.8973738769868694,0.30352238019628935,-0.2939284335847276,0.2939284335847276
V257,1.0580598548221403,1.216309606081548,0.8504873832135981,0.29129844181197195,0.29129844181197195
V44,1.0536006592835936,1.1513476157567382,0.5807458356696279,0.28945300334922014,0.28945300334922014
id_02,139203.7992741107,164832.0513130615,123439.40153292763,0.2876516817911699,0.2876516817911699
V309,12.009970539108542,37.29683372920022,130.72082144346962,0.28506368897552997,0.28506368897552997
V37,1.0753773382553822,1.2111264685556324,0.7094253911859605,0.28434127185623187,0.28434127185623187
V38,1.1308181212675403,1.3476157567380789,0.9458733025262432,0.2817942457833998,0.2817942457833998
D3,19.805432316185186,5.63441603317208,15.579387724414739,-0.28070886453708277,0.28070886453708277
id_16,0.07772547160226234,0.1523842432619212,0.3594550493450493,0.2788473996015344,0.2788473996015344
V45,1.0867341755003894,1.22356599861783,0.8488117798260522,0.27614620903112513,0.27614620903112513
V301,0.05899685034036645,0.1520387007601935,0.5697474506360051,0.2731483486376785,0.2731483486376785
M8,0.21809417369413306,0.10608154803040774,0.3079951813196039,-0.27124720366384214,0.27124720366384214
V82,0.8595296959844662,0.9702833448514168,0.4490818561633963,0.27108989965795877,0.27108989965795877
V99,1.392781747778869,0.3417415342087077,0.7188676482514624,-0.2706898055515888,0.2706898055515888
V222,1.0697892324539122,1.3901174844505875,2.0551132020139535,0.26927097554201024,0.26927097554201024
V139,1.003070635915151,1.1257774706288874,0.6872039162428507,0.26463313638998376,0.26463313638998376
V314,55.20158789791212,110.39557016958594,359.2309754651386,0.2645936153929117,0.2645936153929117
V221,1.048125444508416,1.3272287491361436,1.8047747838012238,0.26444283176122035,0.26444283176122035
V220,0.032738397624772805,0.1544574982722875,1.2332468756492965,0.2635017524885539,0.2635017524885539
C13,31.737629965794017,4.22667588113338,37.22061404834009,-0.2615118402915698,0.2615118402915698
D5,26.533139160768112,8.805459571527297,25.298313330313498,-0.2612518068362576,0.2612518068362576
V140,1.010702069292512,1.145473393227367,0.8137590781977273,0.2611686914885109,0.2611686914885109
V46,1.0142920039286076,1.048030407740152,0.23096288723446803,0.257393994187515,0.257393994187515
V55,1.0686829003962475,1.1710435383552178,0.575551389096789,0.2542800776739337,0.2542800776739337
V230,1.109233357040449,1.3410504492052522,1.226843330714101,0.2529810290726411,0.2529810290726411
V290,1.1137715762974,1.3096060815480304,1.1744769523603413,0.2521734613388146,0.2521734613388146
V285,1.5763086892222937,0.5808569454042847,0.8653924370432975,-0.251572619051292,0.251572619051292
V77,1.077714182499633,1.1924671734623358,0.6445270091020002,0.24983994650944452,0.24983994650944452
M5,0.1938451812465427,0.29198341395991706,0.4547532939017676,0.2482555975779577,0.2482555975779577
V291,1.4254636998904957,2.80511402902557,23.020663438479044,0.24694274928288007,0.24694274928288007
V26,0.9993226538422461,1.0376641326883207,0.2283824070795608,0.24474339901914519,0.24474339901914519
V19,0.8303134983800138,0.9288182446440912,0.38072127519621457,0.24334634049258214,0.24334634049258214
V20,0.8573170318691368,0.9616447823082239,0.4226325127930398,0.24297014638765402,0.24297014638765402
V246,1.0428421444779354,1.1603317208016586,0.6298283476555762,0.23738494884274353,0.23738494884274353
V170,1.1113557083347445,1.3586731167933657,1.1660743767212258,0.23639381219502031,0.23639381219502031
V86,1.0575518452038248,1.1364892881824464,0.5721641716546441,0.23432125039207957,0.23432125039207957
V184,0.035222000203203846,0.10884588804422944,0.45794954162069823,0.23255537898323295,0.23255537898323295
C9,4.896896625687224,0.8237733241188666,1.378583461110234,-0.23218048802578647,0.23218048802578647
V312,52.99758799350267,97.3401099289378,270.0250952459937,0.2317555363857997,0.2317555363857997
id_06,-1.4227317370542216,-3.268140981340705,10.813919967017144,-0.23074461860160794,0.23074461860160794
V78,1.1676205958388368,1.409813407049067,1.6480892475011584,0.22837976831116907,0.22837976831116907
V300,0.05073322721576862,0.11748445058742225,0.4554297707823406,0.22666777328731716,0.22666777328731716
V239,0.034793014303293034,0.11472011057360056,0.5118414338456423,0.22160699555556196,0.22160699555556196
D9,0.654491186667994,0.6299953517744108,0.1729768012044881,-0.21947876169208622,0.21947876169208622
V228,1.0872534742213342,1.2480995162404975,0.9232310272469113,0.21664561100715518,0.21664561100715518
C5,5.871450988360936,0.0304077401520387,1.003161976215326,-0.21534381173075398,0.21534381173075398
V201,1.0445806662828372,1.2069799585348997,0.8349890463436388,0.21458027023226636,0.21458027023226636
V229,1.1332904347433423,1.3735314443676572,1.2922717597110203,0.2144888489258436,0.2144888489258436
V238,0.032907734164211284,0.1078092605390463,0.47267670426138625,0.2117906461352002,0.2117906461352002
DeviceInfo,1556.2121222384033,1513.242225293711,280.4458977334178,-0.21042783561696227,0.21042783561696227
id_32,24.206184170420293,24.47270214236351,1.8866371530865176,0.20911766649272137,0.20911766649272137
V87,1.0931576748964225,1.1945404284727021,0.7261530251669868,0.20636476962024838,0.20636476962024838
V114,1.0114923064765582,1.0359364201796821,0.2038877342868911,0.20476734483359263,0.20476734483359263
TransactionAmt,137.1485328230659,185.39785279889423,251.66697738689123,0.19575161890758153,0.19575161890758153
V25,0.9908219595624344,1.0183137525915689,0.1704281539416076,0.19472976413844892,0.19472976413844892
V200,1.031677221977625,1.1582584657912924,0.6433787902729646,0.1898616786018665,0.1898616786018665
V56,1.147977557263973,1.3458880442294403,1.2372776092616977,0.18143792168598058,0.18143792168598058
addr2,86.92265835788713,86.61506565307533,3.459667526046366,-0.1806854616078254,0.1806854616078254
V98,0.07561440941059595,0.13096060815480304,0.3743254929419108,0.1765460117589256,0.1765460117589256
V259,0.9781217191045484,1.1067726330338632,1.2560269162629267,0.17355730693344812,0.17355730693344812
V111,1.0023481333468802,1.0134761575673807,0.1153219240423804,0.17323487417897626,0.17323487417897626
V5,0.9207392104401622,0.9930891499654457,0.4453786913481441,0.17237764475977785,0.17237764475977785
V199,1.0609047086847065,1.1748445058742225,0.649264701504173,0.17028038776637122,0.17028038776637122
V123,1.0392522098418397,1.0808569454042847,0.3523068389995791,0.16982314337520973,0.16982314337520973
V243,1.0343075828902362,1.1050449205252246,0.4256169528863757,0.16708439554408894,0.16708439554408894
V244,1.0278502161863154,1.0908776779543883,0.3895893637490015,0.16646578185369698,0.16646578185369698
id_30,42.12033054492498,43.015894955079474,7.352261182641441,0.16270560121120514,0.16270560121120514
V130,138.8358556395255,72.0032135700471,258.6779290386456,-0.15836470590058513,0.15836470590058513
V157,0.9767557376864113,1.0317899101589496,0.3105893109969451,0.15808709572224885,0.15808709572224885
id_34,2.985933778123977,2.967519004837595,0.1792433172150096,-0.15400547587535535,0.15400547587535535
V158,0.97883293257019,1.034899792674499,0.32812359772182415,0.15365835644665954,0.15365835644665954
V129,10.152718368114744,23.64168279947045,99.90534101565665,0.15169544633604742,0.15169544633604742
V113,1.0034883327124327,1.0138217000691085,0.11677059679969386,0.14972473991425572,0.14972473991425572
V116,1.0206139014009776,1.042156185210781,0.22065558089470766,0.13976539740102897,0.13976539740102897
V326,0.4488885878461521,0.007601935038009675,0.1112924999377775,-0.13921838541542866,0.13921838541542866
V242,1.0260891161761552,1.0753282653766414,0.3505851304377123,0.13910481543604514,0.13910481543604514
V35,0.7200415438976756,0.6551485832757429,0.5205219156544002,-0.13905074107447057,0.13905074107447057
card4,2.621905374741762,2.54526606772633,0.628169844868426,-0.13706288241822642,0.13706288241822642
V176,1.0916675133493638,1.2083621285418107,0.8575235117923177,0.133380421695293,0.133380421695293
V327,0.1567266118016279,0.0065653075328265375,0.09638337143192784,-0.1321986867585957,0.1321986867585957
V190,1.0463078989851096,1.1288873531444368,0.5326936607633552,0.1308356350128288,0.1308356350128288
V262,1.0085345615876995,1.0435383552176918,0.41427774691319946,0.1306175558536371,0.1306175558536371
V335,34.145445975999365,0.7992398064961991,11.613971203228797,-0.13002212729700532,0.13002212729700532
C14,6.933292692563868,2.5995162404975813,32.21182075325988,-0.12688258958035006,0.12688258958035006
V270,1.1251495054192047,2.853058385453557,19.771702933298126,0.12464455334640338,0.12464455334640338
V336,14.970230636366715,0.756046993780235,11.34400303382926,-0.1220030089195458,0.1220030089195458
V6,1.043406599609397,1.0141672425708361,0.121089567645327,-0.121927551927335,0.121927551927335
M7,0.08160892290671815,0.04837595024187975,0.2145964363070322,-0.12139032891188546,0.12139032891188546
V4,0.898838351339452,0.9460953697304768,0.35157582033097007,0.12100368526902501,0.12100368526902501
V23,1.0324448809564128,1.0583966827919835,0.327942269695564,0.12003162069981599,0.12003162069981599
id_03,0.004605953872726657,0.02453351762266759,0.2624422773259482,0.11991764676417228,0.11991764676417228
V105,1.1517142502342488,0.14996544574982723,0.5568028197402685,-0.11877228279695883,0.11877228279695883
V296,1.123886612253192,0.20041465100207326,0.699058549767995,-0.11830407748668584,0.11830407748668584
V330,0.5862318104333887,0.05459571527297857,0.37800478482115907,-0.117189552381434,0.117189552381434
V329,1.0488818143845746,0.06599861782999308,0.4927382325104848,-0.11657822613619792,0.11657822613619792
V298,1.0923900159176347,0.19177608845888044,0.664273803307467,-0.11581843804237514,0.11581843804237514
V145,0.6740948961967014,0.13718037318590187,1.169455040708376,-0.11506465773716822,0.11506465773716822
V209,27.487793641231914,2.93380510864706,21.478533157026252,-0.11500760613064014,0.11500760613064014
V96,12.778959370519637,1.0390463026952315,1.7968543939423358,-0.11419339040380307,0.11419339040380307
V106,0.6480396473284339,0.1295784381478922,0.47778440935552496,-0.1141792317007558,0.1141792317007558
V189,1.0146193879048555,1.0739460953697304,0.38650567290174737,0.11248565311805803,0.11248565311805803
id_21,252.69215746040348,254.709398756047,36.162003481576264,0.11235599574384252,0.11235599574384252
V324,8.119788667998781,0.13648928818244643,0.67882055742045,-0.11233870911467836,0.11233870911467836
V112,1.0056106840067283,1.014512785072564,0.1196123231771814,0.11174047159284807,0.11174047159284807
V118,1.0016143416759802,1.0065653075328265,0.08077412176943816,0.11146162834025763,0.11146162834025763
id_38,0.05881622469829873,0.08500345542501728,0.27893503336756914,0.11130158141674908,0.11130158141674908
V234,1.2004718844899018,0.24568071872840358,2.052400397914061,-0.11100729147703907,0.11100729147703907
V333,866.6028696904395,20.823427781617138,140.14928928751974,-0.11086925408584407,0.11086925408584407
D14,9.471692575157201,15.957498272287491,79.99596812404687,0.11030439388271915,0.11030439388271915
V323,11.484912114336032,0.16136834830684174,0.871177092735208,-0.10992761193253234,0.10992761193253234
V165,810.1435039333924,39.23529023208038,502.2404634419006,-0.10861225327854718,0.10861225327854718
V97,8.600602838080402,0.8970283344851416,1.5165083565426636,-0.10849783153522109,0.10849783153522109
V36,0.7495286799652295,0.6969592259847961,0.5734153207179812,-0.10849595904412412,0.10849595904412412
V248,1.0123277000711213,1.0362819626814097,0.20467268256596774,0.10836275040373579,0.10836275040373579
V299,0.62002009460268,0.1630960608154803,0.5823236346899593,-0.1082017427445949,0.1082017427445949
V332,1187.0606286906766,30.541810642709052,291.2954085046143,-0.10766604303600398,0.10766604303600398
V103,7.522967679299173,0.4778852798894264,1.0844220542815788,-0.10689628675654922,0.10689628675654922
V249,1.0090651494112732,1.0314443676572218,0.18229493215497158,0.10641332533795099,0.10641332533795099
V213,738.5574468785444,17.837377952763187,86.66764745437418,-0.1057966496812441,0.1057966496812441
V24,1.0549553515991015,1.0839668279198342,0.37764898503621996,0.10562553454864884,0.10562553454864884
V127,1349.8930157481311,216.88437775768077,640.5407625900993,-0.10560625942990225,0.10560625942990225
V102,10.231787855183391,0.5431928127159641,1.2248296647746137,-0.10521809013679613,0.10521809013679613
V168,7.588455763651347,0.5331720801658604,1.8399788356272462,-0.10515059680388816,0.10515059680388816
V180,0.8778857768595975,0.1686247408431237,1.2565364703432393,-0.1051123877213796,0.1051123877213796
V136,129.36821566746815,35.41844917439393,215.1176354095196,-0.10503622489172489,0.10503622489172489
V182,0.870423680021675,0.16447823082239116,1.1095706518738087,-0.10497549088110925,0.10497549088110925
id_20,461.09371084092527,453.3624740843124,100.59096511242312,-0.10485962638867156,0.10485962638867156
V286,0.028448538625664647,0.046993780234968904,0.23192252145605838,0.1047529783765722,0.1047529783765722
V179,6.949413531118411,0.3306841741534209,1.3863857381371856,-0.10472705132418379,0.10472705132418379
V104,0.23882096612140302,0.08673116793365584,0.3714818732867877,-0.1046416634050329,0.1046416634050329
V328,0.19483862227791512,0.04457498272287491,0.33323241040791113,-0.10452779705654609,0.10452779705654609
id_13,51.408688093383454,50.724602626123016,9.883796113393743,-0.10384221287931454,0.10384221287931454
V250,0.9387114618258995,0.9053213545266068,0.3595798000581345,-0.10369634779430645,0.10369634779430645
V204,813.1332694169436,63.02882877253794,612.4053648315044,-0.10344124182728341,0.10344124182728341
V100,0.427473160158499,0.28541810642709053,0.5743222591989752,-0.10335420395219719,0.10335420395219719
V212,972.2192234388287,27.159650824567574,245.31826334071343,-0.10323212888727076,0.10323212888727076
V178,9.298720944672109,0.3756046993780235,1.6854963432727024,-0.1028185392032838,0.1028185392032838
V203,1110.822614616642,85.65296278814654,895.8324005385405,-0.10202960050016288,0.10202960050016288
V144,0.21477517752113884,0.06427090532135453,0.4239811037773483,-0.10201931634283992,0.10201931634283992
V134,810.1019047820496,90.31600653663864,383.1532234334135,-0.10154428127344099,0.10154428127344099
dist2,44.950294081123495,55.58154803040774,138.99028787147012,0.1014307880181498,0.1014307880181498
V297,0.23300707826734854,0.0967519004837595,0.42676990316444746,-0.10044139858188766,0.10044139858188766
V133,1079.5400346259896,107.26762712891545,423.59075380335565,-0.10033439052363004,0.10033439052363004
V325,0.017407796254275746,0.000691085003455425,0.026283951789459192,-0.10000398066670967,0.10000398066670967
V295,7.631986543389666,1.0521769177608846,5.017119716260797,-0.09983385621122524,0.09983385621122524
V322,5.487023176527698,0.1050449205252246,0.5446107595516293,-0.09955589754069286,0.09955589754069286
V280,8.7451146408372,1.7121630960608154,5.186438745188622,-0.09948040859845651,0.09948040859845651
V128,937.956404363244,180.61157886621123,513.9390847356367,-0.09935288359500274,0.09935288359500274
V331,603.9810884958267,15.759502418797512,109.48926558727014,-0.09910715406941119,0.09910715406941119
V210,8.594728538043974,2.752797366177204,19.325004807717054,-0.0986535989506075,0.0986535989506075
V183,0.4743116469671826,0.13061506565307532,0.6190398509657498,-0.09860341509733148,0.09860341509733148
V143,5.292263577968187,0.09364201796821009,0.5570225439416718,-0.09825476998346726,0.09825476998346726
V272,1.3033040901813082,2.9773064821278874,20.182821100582412,0.09768388679147846,0.09768388679147846
V108,1.0052945891331098,1.0134761575673807,0.1153219240423804,0.09759528890749126,0.09759528890749126
V164,582.0866857417085,16.564246709542843,165.1673943893973,-0.09748096557400955,0.09748096557400955
V338,108.73609239056714,17.779889426399446,217.5343485673572,-0.09692489988733757,0.09692489988733757
V117,1.0000903128210339,1.003800967519005,0.06154534117900627,0.09686076857803477,0.09686076857803477
V211,554.8924685104292,12.668735142856445,54.275561916273126,-0.09537397098730636,0.09537397098730636
V202,583.0166339639459,29.733240282403738,175.85154611393403,-0.09513888397439868,0.09513888397439868
V101,5.360630383490816,0.3417415342087077,0.8174170456812115,-0.09488920792320994,0.09488920792320994
V95,5.676770413519829,0.5632342778161714,1.0431294031243246,-0.09463959150445132,0.09463959150445132
V54,0.7326853388424154,0.7809260539046303,0.6518094462009353,0.09410968941039587,0.09410968941039587
V167,5.329969180749822,0.3676572218382861,1.2395170825699575,-0.09385872023235499,0.09385872023235499
V177,5.097334642869239,0.248790601243953,1.0969068107031106,-0.09364816101425932,0.09364816101425932
V148,0.9700500107246475,0.9982722874913614,0.171400930862116,0.09298801464448714,0.09298801464448714
V293,5.424537993474899,0.545611610228058,1.455109983151097,-0.09224662326036759,0.09224662326036759
V318,820.447527889195,166.83749445955672,737.8708129295972,-0.092189869850769,0.092189869850769
V310,154.2612687275531,117.27703688584613,365.4836369103861,-0.09172322059949949,0.09172322059949949
V132,592.2623395231017,61.593998938078045,241.6041627781464,-0.09149490665548114,0.09149490665548114
V307,1380.8288862674392,408.0972917641783,1777.2935418039483,-0.09106227564718258,0.09106227564718258
P_emaildomain,21.7868617423601,20.34277816171389,12.396017056876756,-0.09091256101005357,0.09091256101005357
V279,5.759090549892189,0.8597097442985487,1.63324455700557,-0.0907657458593358,0.0907657458593358
V320,126.89087538043817,43.80700340383038,249.03831451810095,-0.09007877322951799,0.09007877322951799
V126,637.7122189820158,106.99970601720487,319.63248830317787,-0.0895667918885046,0.0895667918885046
V294,10.449994919903817,2.19937802349689,23.363284342416083,-0.08936493697436096,0.08936493697436096
V188,1.0091103058217903,1.0521769177608846,0.30613119769681435,0.08886237613968437,0.08886237613968437
V169,0.037874939321073366,0.08396682791983413,0.6008969159804379,0.08865324324999825,0.08865324324999825
V251,0.9398290829861934,0.9111955770559779,0.37192210236264633,-0.08850591681198375,0.08850591681198375
V137,78.50752184374362,30.331721452078327,171.63096058463623,-0.08848573130051578,0.08848573130051578
V207,15.996243549862019,3.125591569055585,46.248772615574055,-0.08835001956193336,0.08835001956193336
V317,1098.0611158609195,244.75994700963693,1635.4971375323398,-0.08790453843115216,0.08790453843115216
V175,0.1379641232318443,0.06046993780234969,0.27602541806026404,-0.08783994484283388,0.08783994484283388
V149,0.9714272812454138,0.9993089149965446,0.17440691840348746,0.08735144454513188,0.08735144454513188
V119,1.000541876926203,1.003800967519005,0.06154534117900627,0.08642190361724238,0.08642190361724238
V316,597.951191692573,97.36424424958048,385.0851904303214,-0.08630382702199586,0.08630382702199586
V308,953.652429486892,303.0854965726631,905.9037660565015,-0.08551730042006182,0.08551730042006182
V339,64.70688748206533,12.311679336558397,122.94741985426433,-0.08407957823295201,0.08407957823295201
V181,0.20023481333468804,0.08327574291637871,0.39304819136057495,-0.0831953515729558,0.0831953515729558
V260,0.9979905397319967,1.0141672425708361,0.33999407441543233,0.08298963719257964,0.08298963719257964
V306,646.561440336627,158.48060688176645,457.7747453688629,-0.08228729410694571,0.08228729410694571
card5,197.93120420857747,194.41603317208018,46.17265384814756,-0.0821886001214659,0.0821886001214659
V146,0.024915049502715027,0.05286800276434001,0.3638101533961868,0.08021018432073174,0.08021018432073174
V147,0.026100405278784388,0.055286800276434005,0.3667639108707922,0.07979862806787409,0.07979862806787409
id_24,11.013366297513011,11.037318590186594,0.47472210375101026,0.07911015798496344,0.07911015798496344
V153,0.9687291857170274,0.9910158949550795,0.14130693765240623,0.07684142917675298,0.07684142917675298
D8,48.135545877691946,42.218368385344974,71.84924371707447,-0.07587148110548957,0.07587148110548957
V161,0.2754964382881205,0.7550103662750518,11.49212300827668,0.0736399189255833,0.0736399189255833
V154,0.9696548921326243,0.9913614374568072,0.14010025043372892,0.0725820579320182,0.0725820579320182
V186,1.0278615052889446,1.0583966827919835,0.3193987181739404,0.07196569960120493,0.07196569960120493
V174,0.04141971754665222,0.056668970283344854,0.24714497584457698,0.07144847431862955,0.07144847431862955
V334,1.8740926383761756,0.039046302695231516,1.8744362229077987,-0.07096484336106315,0.07096484336106315
V7,1.0659283593547149,1.044574982722875,0.23015784363363942,-0.07088167435539007,0.07088167435539007
C8,1.4275634729795328,2.8997926744989635,25.551483444478965,0.07064531509771867,0.07064531509771867
C10,1.3822377259231664,2.760539046302695,24.11124016658881,0.07039650035348,0.07039650035348
V155,0.970659622266626,0.9941257774706289,0.1587413096624931,0.07038944730361667,0.07038944730361667
V194,0.9880899967261603,1.0,0.13662263685599962,0.07021710872341563,0.07021710872341563
V255,0.9427868278750522,0.9084312370421562,0.685319436448785,-0.06993612992728644,0.06993612992728644
V227,0.030638624535735653,0.07360055286800277,0.7851286015208389,0.06974480707433448,0.06974480707433448
card1,10041.140967024532,9716.034208707671,4612.264760590107,-0.06637982152362225,0.06637982152362225
V321,78.65016335108517,36.654587827885486,197.53879024790396,-0.06582892256992452,0.06582892256992452
V156,0.9720030254795047,0.9948168624740843,0.1587653854291843,0.06552898524103336,0.06552898524103336
V76,0.6929815648954064,0.7263303386316516,0.6219995043462148,0.06448279466272035,0.06448279466272035
V110,1.0098440974926903,1.0165860400829303,0.12773637473196303,0.06392093146142461,0.06392093146142461
V2,1.0441629694855556,1.0286800276434,0.1919747989654232,-0.06342140300048628,0.06342140300048628
V271,1.6217719603117224,3.0640909378497287,20.48541034905931,0.06242258104360634,0.06242258104360634
V311,4.016906754365844,8.362510189321343,58.211081494105976,0.062263655605139086,0.062263655605139086
V124,1.1447037175014958,1.1136834830684175,0.4294701009398393,-0.06190895209527523,0.06190895209527523
V247,1.007247603887967,1.0196959225984796,0.13897721852851566,0.06088093745626758,0.06088093745626758
V215,99.44998243542193,47.32958793376509,570.8208061017689,-0.06083883308969151,0.06083883308969151
V256,0.9435657759564692,0.9139599170697996,0.6925548515328892,-0.060167696923424906,0.060167696923424906
id_22,14.01365981418137,14.04664823773324,1.1214994295969334,0.05604106676405286,0.05604106676405286
D12,6.122249692371954,8.778507256392537,51.520741490358354,0.05595451473187819,0.05595451473187819
D13,2.4278457005452636,1.079129232895646,12.762838156827634,-0.05500544539402125,0.05500544539402125
V9,1.0405504566442014,1.0532135452660678,0.24791220446574325,0.05428358528296893,0.05428358528296893
V171,1.3555728655129204,1.4671734623358672,1.4435311056084947,0.05378671613801662,0.05378671613801662
V223,0.01933823280387442,0.027988942639944715,0.16705175707666303,0.05315783422588736,0.05315783422588736
C1,9.350966911640194,6.342778161713891,63.62773572558599,-0.05176433146162037,0.05176433146162037
V185,0.08578589087953399,0.11575673807878369,0.48203878168955516,0.05168705796327693,0.05168705796327693
V173,0.008602296203474786,0.013821700069108501,0.11677059679969386,0.0516247178853238,0.0516247178853238
C6,6.8163263002223955,4.577747062888736,47.01665871423478,-0.051222707347035296,0.051222707347035296
V135,34.85140947134682,19.603490629687172,125.81208130931682,-0.05102029575811026,0.05102029575811026
V195,0.9906977794335128,1.0031098825155493,0.14753652996049013,0.05088550656575066,0.05088550656575066
id_19,346.1658256285208,342.74257083621285,83.1539811960717,-0.05065974363062463,0.05065974363062463
V131,47.86139083905843,57.76876298262485,187.54832202243185,0.050555594794104125,0.050555594794104125
C4,1.8536480735146363,3.7380787836903937,45.74300179832558,0.04875960074147523,0.04875960074147523
V226,0.1834704959302785,0.04630269523151347,0.36612310051170194,-0.047723343409148425,0.047723343409148425
V13,0.6978471681286055,0.7221838286109191,0.631754424618966,0.04740495099551703,0.04740495099551703
V224,0.13151804563055283,0.07049067035245335,0.37536473943001414,-0.0468694265002933,0.0468694265002933
V197,0.9876158544157325,0.9958534899792675,0.12041844585252966,0.04682556783246587,0.04682556783246587
id_10,-0.02948713606755399,-0.06979958534899793,2.144930315254263,-0.04551573459670487,0.04551573459670487
V275,71.93113049299042,19.23354954528413,74.44669796893328,-0.04393444908060302,0.04393444908060302
V273,62.12304705329649,15.156317661446213,61.1935486241692,-0.0436701837126123,0.0436701837126123
C11,6.947223445208341,5.0082930200414655,50.372335752020156,-0.04246333416564763,0.04246333416564763
V163,0.3984686332283447,0.7681409813407049,11.552812688805865,0.04225737995828512,0.04225737995828512
D6,12.574705636648943,9.773669661368348,57.61961139724368,-0.04223478744678186,0.04223478744678186
V138,0.0033415743782526726,0.007947477539737388,0.16505789661481524,0.04072542243958876,0.04072542243958876
V274,75.86256431672243,26.198585904213008,163.1132869280222,-0.040263549836842695,0.040263549836842695
id_18,14.968943678666983,14.989633724948169,0.7049499107628601,0.03992586322667733,0.03992586322667733
V53,0.6936814892584189,0.7131997235659986,0.576038346363404,0.0399060979330473,0.0399060979330473
R_emaildomain,17.119540307740937,16.819281271596406,6.243101525896361,-0.03928527942431963,0.03928527942431963
V240,1.0001806256420678,1.0006910850034554,0.02628395178945919,0.0379846601720124,0.0379846601720124
dist1,54.13391133538795,44.700069108500344,193.59210673075003,-0.03750369596200315,0.03750369596200315
id_23,1.996929364084849,1.994125777470629,0.10334893227952864,-0.03734735460856262,0.03734735460856262
V263,77.13064781238667,32.06373069915758,174.98892124852938,-0.036536361135486264,0.036536361135486264
V267,9.995964055676032,2.8093981330940125,19.61350872319496,-0.03644088736742855,0.03644088736742855
V337,24.105483117698245,9.360746371803732,96.36365938417542,-0.034211784770974016,0.034211784770974016
V261,1.0426389406306094,1.0628887353144436,0.46611938723555735,0.03413332493583708,0.03413332493583708
V115,1.04336144319888,1.0507947477539736,0.2420767762503888,0.034110804842775844,0.034110804842775844
V254,1.0097650737742856,1.0186592950932964,0.15665047151667125,0.03384163985104248,0.03384163985104248
V75,0.6518666531197436,0.6686247408431237,0.551280170102592,0.03381583390301706,0.03381583390301706
V277,25.00885223637703,42.30541897751005,528.082375537173,0.03371197728953474,0.03371197728953474
V166,30.519081970725416,15.207325501036628,147.107701967366,-0.0330277319555981,0.0330277319555981
card2,361.15440105666,366.17415342087077,155.06103547974178,0.03229820994644655,0.03229820994644655
V319,36.09846872239126,21.600778754035932,127.36128172267658,-0.03172774590131968,0.03172774590131968
V278,21.34579300221007,36.729229067058995,496.92543438392636,0.03149179917012844,0.03149179917012844
V216,56.160941181986445,38.049199512932496,502.5787034841847,-0.03146307257275009,0.03146307257275009
V231,0.6510086813199218,0.32204561161022804,1.2407770345600468,-0.03094648781490246,0.03094648781490246
V27,0.0009369955182262562,0.0,0.0,-0.030624560641499283,0.030624560641499283
id_11,99.96185706576114,99.94816173086845,0.5248411064244181,-0.030540627345869823,0.030540627345869823
V218,1.133425903974893,0.6734623358673116,2.2031638240497045,-0.02951744065561153,0.02951744065561153
V205,2.890499897165527,1.0121271938147345,11.671622801149848,-0.02933755134381743,0.02933755134381743
V125,1.0828394350933044,1.09364201796821,0.3790317376109222,0.02930813609989422,0.02930813609989422
V233,0.7723552454815367,0.417069799585349,1.7426549975078016,-0.029249225041952934,0.029249225041952934
V28,0.0011966448786985921,0.0,0.0,-0.02909184055433027,0.02909184055433027
V232,0.8077240040189205,0.45473393227366965,1.8166539691605361,-0.02839758111014478,0.02839758111014478
V214,24.168864988647922,12.122103833789733,107.37329203406219,-0.028202656349047575,0.028202656349047575
V89,0.0011401993655524322,0.0,0.0,-0.028192731835658742,0.028192731835658742
C3,0.007439518632663889,0.0031098825155494126,0.05568916206315419,-0.02817268829925488,0.02817268829925488
V245,0.9583770786060216,0.9761575673807878,0.8699291110153385,0.027821467573003824,0.027821467573003824
V217,0.7601291473340784,0.4429854872149274,1.4336449773142526,-0.027785152077655334,0.027785152077655334
V198,0.9905735993045913,0.9982722874913614,0.1353406699279862,0.027510259322393104,0.027510259322393104
id_14,-303.7044061367562,-304.54042847270216,46.99007687300774,-0.027076657752533994,0.027076657752533994
V219,0.9899526986599835,0.6050449205252246,2.0471090576728774,-0.026912486734397945,0.026912486734397945
D7,2.408609069665052,1.7038700760193504,17.50197477036457,-0.026796733884363298,0.026796733884363298
id_36,0.006649281448617649,0.004492052522460262,0.06688362836483291,-0.02654331252410103,0.02654331252410103
V107,0.9993113647396169,1.0,0.0,0.026250752870388284,0.026250752870388284
id_09,0.004493062846434337,0.013476157567380787,0.6605977323090508,0.02569066480879756,0.02569066480879756
V265,99.94397050781728,61.89261977937853,587.0731064578508,-0.024955400747015008,0.024955400747015008
V268,4.712496366944527,2.2393309206656116,16.8606507905268,-0.024077086032291195,0.024077086032291195
id_04,-0.004662399385872817,0.0,0.0,0.023669159838451196,0.023669159838451196
V122,1.0027771192467911,1.0013821700069108,0.03715826578571705,-0.023089370222379824,0.023089370222379824
V68,0.0006434788498662241,0.0,0.0,-0.02306179084413139,0.02306179084413139
V264,113.48876181049143,75.05574463595171,650.8816020799318,-0.022899544027958248,0.022899544027958248
V121,1.0063331865749992,1.0044920525224603,0.0668836283648329,-0.022569962491424966,0.022569962491424966
V253,1.0155902507309693,1.0238424326192122,0.21789527745101786,0.02256249740903887,0.02256249740903887
TransactionDT,14433856.138460843,14451049.47512094,757926.7615581386,0.022365185372144294,0.022365185372144294
id_07,13.972906153689843,13.950932964754665,1.3234350345596952,-0.021899027071898353,0.021899027071898353
V3,1.0709294318194647,1.0777470628887353,0.3270852489165087,0.02156490294538173,0.02156490294538173
id_26,149.0249827841185,149.0794747753974,4.30225629120128,0.021194097199797906,0.021194097199797906
V8,1.0286404533703617,1.0245335176226675,0.16964422649797517,-0.020967776840680644,0.020967776840680644
V236,0.1907745453313916,0.14236351071181755,0.6384787468062726,-0.020909758949175423,0.020909758949175423
id_33,129.4509206263194,129.05494125777471,21.36902941227838,-0.020606889722999615,0.020606889722999615
V88,0.9995935923053476,1.0,0.0,0.02016353984735057,0.02016353984735057
V187,1.093722130027884,1.1364892881824464,2.195514921265973,0.020018511163407665,0.020018511163407665
V269,1.3000389474040708,0.07878369039391846,2.2941363599294373,-0.019846608040296587,0.019846608040296587
V141,0.0041656788701866084,0.0055286800276434,0.08702864970334137,0.01943965262527065,0.01943965262527065
id_08,-34.022736252695275,-33.98168624740843,2.8379452805726526,0.019004462827370755,0.019004462827370755
M3,0.8427766676826859,0.849689011748445,0.3574377458724972,0.018989264579856873,0.018989264579856873
V14,0.9996500378184938,1.0,0.0,0.0187104448308606,0.0187104448308606
V152,1.3205879364649304,1.2470628887353143,3.5940934586259434,-0.018316384324263506,0.018316384324263506
V41,0.9996839051263815,1.0,0.0,0.017781767393168665,0.017781767393168665
V237,0.16000045156410517,0.12750518313752593,0.5508848387574751,-0.016733692178759647,0.016733692178759647
V172,0.02865174247299082,0.025224602626123013,0.1735724989091421,-0.016267940386568532,0.016267940386568532
V65,0.9997742179474154,1.0,0.0,0.01502765757461485,0.01502765757461485
V208,2.4487947127639296,2.679835377022902,19.214800949854496,0.013741926660426044,0.013741926660426044
V191,1.0092909314638578,1.01209398756047,0.16269497376548822,0.013373629307742385,0.013373629307742385
V12,0.6606269967600276,0.6668970283344852,0.5648075008983273,0.012707352974695345,0.012707352974695345
id_05,0.195854641514546,0.22252937111264687,3.1464260548159997,0.011898245132423576,0.011898245132423576
V266,1.737519347771722,1.058697992303739,8.157754878545356,-0.010950899004150994,0.010950899004150994
V109,1.0191350289565482,1.0176226675881133,0.1315982268591813,-0.01070923537688814,0.01070923537688814
V150,1.5795486616768832,1.5027643400138218,7.169844045115308,-0.009838326081768793,0.009838326081768793
id_25,321.0543683182624,321.1161022805805,10.254065815887811,0.008505878019699558,0.008505878019699558
V162,0.6733469931475147,0.8096060815480304,11.851309657515392,0.008182607129639799,0.008182607129639799
M2,0.9140899289915445,0.9118866620594334,0.2835086442059462,-0.007862273800754296,0.007862273800754296
V160,283.14351406216485,254.5203066959658,4094.0958757554076,-0.007694488317528712,0.007694488317528712
V241,1.0000564455131462,1.0,0.0,-0.007513192541583159,0.007513192541583159
V193,1.0204332757589099,1.0234968901174843,0.36640941982346065,0.006918537982410194,0.006918537982410194
V159,13.788409664782666,12.401409705425017,222.54678139707306,-0.006881402866982945,0.006881402866982945
V120,1.001072464749777,1.0013821700069108,0.03715826578571705,0.006258763276819026,0.006258763276819026
M1,0.9999661326921123,1.0,0.0,0.005819628216354728,0.005819628216354728
V142,0.006999243630123842,0.006219765031098825,0.10164231121665969,-0.0057823569112858296,0.0057823569112858296
V206,0.914239276756965,0.5759502066854122,5.916873458002798,-0.005675236389409798,0.005675236389409798
V151,1.0688635260383152,1.063579820317899,0.9044005244897722,-0.005642536849095773,0.005642536849095773
V252,1.0073604949142592,1.0086385625431928,0.09255753890283493,0.005223392136178151,0.005223392136178151
id_12,0.9523261195967533,0.9512785072563925,0.21532238510552598,-0.004916602015435302,0.004916602015435302
id_27,2.2578205258464003e-05,0.0,0.0,-0.00475167971899363,0.00475167971899363
V192,1.02939682324652,1.0321354526606772,0.6698306823894841,0.0038967709375355725,0.0038967709375355725
V196,1.0098215192874318,1.010711817553559,0.18838364417398576,0.0036419480066552743,0.0036419480066552743
V1,0.9999887108973707,1.0,0.0,0.0033599259856871427,0.0033599259856871427
C2,9.671204885923618,9.458189357290946,77.87065161289863,-0.003341118239757913,0.003341118239757913
addr1,292.2512164008083,292.0483759502419,80.80394786638816,-0.0021244094016959255,0.0021244094016959255
M9,0.8960499429900317,0.8966827919834139,0.3044253366944254,0.0020735722301507163,0.0020735722301507163
V235,0.08689222293719873,0.08776779543883897,0.4055043758215397,0.0009844772817550152,0.0009844772817550152
V225,0.05450378749393211,0.054941257774706286,0.2657186643372908,0.0008801253884768947,0.0008801253884768947
V276,12.336777922019257,12.192759053576957,106.85438663433168,-0.0003403034446165391,0.0003403034446165391
V287,0.48936002077194884,0.48963372494816865,0.7038457913085606,0.00020240923935946592,0.00020240923935946592
V305,1.0,1.0,0.0,,
